author_id,first_name,last_name,full_name,birth_year,country,books_published
1,Ava,Brown,Ava Brown,1971,Other,11
2,James,Harris,James Harris,1991,UK,7
3,William,Davis,William Davis,2002,USA,11
4,Linda,Jones,Linda Jones,1943,Canada,21
5,Liam,Brown,Liam Brown,1921,Canada,6
6,Noah,Harris,Noah Harris,1921,USA,21
7,Sarah,Williams,Sarah Williams,1952,USA,22
8,Emma,Wilson,Emma Wilson,1968,UK,10
9,Mary,Smith,Mary Smith,1979,USA,15
10,John,Miller,John Miller,1981,USA,23
11,Linda,Taylor,Linda Taylor,1983,UK,5
12,Oliver,Smith,Oliver Smith,1970,Canada,9
13,Sarah,Miller,Sarah Miller,1958,USA,14
14,Sophia,Lee,Sophia Lee,1928,USA,2
15,Sophia,Moore,Sophia Moore,2003,USA,7
16,Susan,Davis,Susan Davis,1963,UK,15
17,Joseph,Jackson,Joseph Jackson,1954,Ireland,4
18,William,Lewis,William Lewis,1969,Canada,2
19,James,Clark,James Clark,1925,USA,4
20,Mason,Garcia,Mason Garcia,1973,USA,18
21,Sophia,Wilson,Sophia Wilson,1963,Ireland,4
22,David,Rodriguez,David Rodriguez,1933,Canada,15
23,Robert,Miller,Robert Miller,1991,UK,8
24,Isabella,Hernandez,Isabella Hernandez,2004,USA,18
25,Patricia,Williams,Patricia Williams,1972,UK,13
26,Richard,Brown,Richard Brown,1960,USA,13
27,Barbara,Lopez,Barbara Lopez,1984,USA,9
28,Oliver,Rodriguez,Oliver Rodriguez,1920,USA,24
29,Mason,Johnson,Mason Johnson,1982,Australia,17
30,Liam,Anderson,Liam Anderson,1927,Canada,1
31,Sarah,Brown,Sarah Brown,1924,Ireland,9
32,Richard,Williams,Richard Williams,1947,Australia,8
33,Sarah,Martinez,Sarah Martinez,1931,USA,16
34,Mia,Lee,Mia Lee,1942,Canada,5
35,Oliver,Lopez,Oliver Lopez,1963,UK,3
36,Emma,Miller,Emma Miller,1984,USA,15
37,Sophia,Williams,Sophia Williams,1997,Australia,5
38,Mary,Thompson,Mary Thompson,1933,UK,9
39,Linda,Clark,Linda Clark,1998,UK,10
40,Elizabeth,Williams,Elizabeth Williams,1996,USA,7
41,Linda,Brown,Linda Brown,1971,UK,4
42,Richard,Rodriguez,Richard Rodriguez,1942,UK,15
43,Joseph,Lee,Joseph Lee,1962,USA,13
44,Mia,Lopez,Mia Lopez,1951,UK,19
45,Jennifer,Lopez,Jennifer Lopez,1947,Ireland,13
46,Barbara,Miller,Barbara Miller,1981,UK,6
47,Noah,Rodriguez,Noah Rodriguez,1947,Australia,12
48,Sophia,Thompson,Sophia Thompson,2003,Australia,11
49,Ava,Williams,Ava Williams,1981,USA,20
50,Oliver,Lee,Oliver Lee,1996,Australia,7
51,Jennifer,Moore,Jennifer Moore,1989,UK,9
52,Liam,Davis,Liam Davis,1981,USA,19
53,Jennifer,Anderson,Jennifer Anderson,1963,USA,22
54,Richard,Rodriguez,Richard Rodriguez,1951,UK,9
55,Ava,White,Ava White,1971,USA,17
56,Sarah,Davis,Sarah Davis,1977,Other,7
57,Noah,Hernandez,Noah Hernandez,1921,Canada,5
58,Mia,Clark,Mia Clark,1975,USA,17
59,Isabella,Johnson,Isabella Johnson,1921,UK,22
60,Linda,Robinson,Linda Robinson,1920,USA,2
61,Mary,Lewis,Mary Lewis,1972,UK,6
62,David,Gonzalez,David Gonzalez,1951,UK,23
63,William,Williams,William Williams,1994,USA,17
64,Michael,Jackson,Michael Jackson,1957,USA,20
65,Sophia,Hernandez,Sophia Hernandez,1989,USA,16
66,Michael,Lee,Michael Lee,1935,Australia,6
67,Jessica,Gonzalez,Jessica Gonzalez,1999,USA,20
68,Ava,Anderson,Ava Anderson,1978,USA,3
69,Robert,Rodriguez,Robert Rodriguez,1938,USA,7
70,Robert,Davis,Robert Davis,1971,Ireland,8
71,Liam,Moore,Liam Moore,1958,Ireland,1
72,Sarah,Rodriguez,Sarah Rodriguez,1930,USA,18
73,Liam,Jackson,Liam Jackson,1942,UK,10
74,Susan,Jackson,Susan Jackson,1926,Canada,16
75,Richard,Lopez,Richard Lopez,1979,USA,1
76,Linda,Jones,Linda Jones,1967,Other,5
77,Thomas,Thomas,Thomas Thomas,1956,Australia,23
78,John,Clark,John Clark,1928,USA,19
79,Mary,Brown,Mary Brown,1967,Australia,20
80,Robert,Lee,Robert Lee,1943,UK,1
81,Jennifer,Lewis,Jennifer Lewis,1943,Australia,17
82,Noah,Wilson,Noah Wilson,1991,Canada,8
83,Oliver,Williams,Oliver Williams,2003,UK,16
84,Richard,Gonzalez,Richard Gonzalez,1944,USA,14
85,Oliver,Anderson,Oliver Anderson,2001,UK,3
86,Thomas,Rodriguez,Thomas Rodriguez,1999,Other,4
87,Sarah,Smith,Sarah Smith,1952,USA,14
88,Noah,Harris,Noah Harris,1940,USA,24
89,Patricia,Thompson,Patricia Thompson,1927,Australia,17
90,Sarah,Clark,Sarah Clark,1952,UK,19
91,William,Clark,William Clark,1941,USA,6
92,Ava,Hernandez,Ava Hernandez,1970,Australia,2
93,Patricia,Martinez,Patricia Martinez,1940,UK,15
94,Susan,Garcia,Susan Garcia,1983,Australia,16
95,Joseph,Smith,Joseph Smith,1938,UK,17
96,Liam,Harris,Liam Harris,1936,Other,14
97,William,Taylor,William Taylor,1925,USA,9
98,Isabella,Garcia,Isabella Garcia,1956,Ireland,17
99,Thomas,Brown,Thomas Brown,1965,Other,3
100,Ava,Martinez,Ava Martinez,1979,Australia,21
101,Mia,Lee,Mia Lee,1951,Australia,3
102,Thomas,Martin,Thomas Martin,1937,UK,22
103,Michael,Jones,Michael Jones,1977,Ireland,14
104,Barbara,Clark,Barbara Clark,1943,USA,15
105,Jennifer,Moore,Jennifer Moore,1942,USA,10
106,Isabella,Taylor,Isabella Taylor,1921,USA,8
107,James,Martin,James Martin,1952,USA,22
108,David,Thomas,David Thomas,1967,UK,10
109,James,Brown,James Brown,1945,Australia,24
110,Barbara,Robinson,Barbara Robinson,1932,USA,7
111,Mason,Martinez,Mason Martinez,1976,UK,20
112,Linda,Johnson,Linda Johnson,1984,USA,14
113,Linda,Jackson,Linda Jackson,1935,USA,19
114,John,Williams,John Williams,1934,USA,2
115,Liam,Thomas,Liam Thomas,1951,UK,22
116,Mia,Williams,Mia Williams,1970,UK,22
117,Isabella,Moore,Isabella Moore,1977,Australia,17
118,Isabella,Jones,Isabella Jones,1971,USA,15
119,Robert,Thompson,Robert Thompson,1973,UK,5
120,Jessica,Moore,Jessica Moore,1927,Canada,12
121,Jennifer,Rodriguez,Jennifer Rodriguez,1924,UK,6
122,Thomas,Martin,Thomas Martin,1966,Canada,8
123,Susan,Miller,Susan Miller,1971,USA,18
124,Sarah,Clark,Sarah Clark,1949,USA,24
125,Liam,White,Liam White,1982,UK,23
126,Michael,White,Michael White,1981,Australia,9
127,Elizabeth,Gonzalez,Elizabeth Gonzalez,1931,UK,1
128,Noah,Lee,Noah Lee,1953,USA,22
129,Barbara,Anderson,Barbara Anderson,1967,USA,13
130,Thomas,Anderson,Thomas Anderson,1920,Other,7
131,Patricia,Davis,Patricia Davis,1983,UK,22
132,Linda,Williams,Linda Williams,1986,USA,16
133,David,Smith,David Smith,1970,Canada,14
134,Emma,Moore,Emma Moore,1988,USA,14
135,Linda,Jackson,Linda Jackson,1981,Canada,12
136,Linda,Smith,Linda Smith,1935,USA,16
137,John,White,John White,2004,UK,1
138,Ava,Johnson,Ava Johnson,1942,USA,22
139,Linda,Williams,Linda Williams,1988,Australia,20
140,Mary,Hernandez,Mary Hernandez,1929,UK,1
141,John,Taylor,John Taylor,1988,Canada,16
142,Linda,Rodriguez,Linda Rodriguez,1943,Ireland,2
143,Noah,Thomas,Noah Thomas,1951,Ireland,24
144,Michael,Moore,Michael Moore,1931,USA,1
145,Robert,Harris,Robert Harris,1952,Australia,11
146,Emma,Jackson,Emma Jackson,1931,USA,1
147,Jessica,Davis,Jessica Davis,1959,Ireland,12
148,Mason,Thomas,Mason Thomas,1948,USA,14
149,Mason,Wilson,Mason Wilson,1921,USA,18
150,Michael,Brown,Michael Brown,1954,USA,8
151,Patricia,Thompson,Patricia Thompson,1945,Canada,2
152,Susan,Lopez,Susan Lopez,1926,USA,21
153,Susan,Wilson,Susan Wilson,1994,Australia,4
154,Joseph,Harris,Joseph Harris,1940,Other,4
155,Mary,Thompson,Mary Thompson,1929,UK,24
156,Ava,Lee,Ava Lee,1983,UK,3
157,Patricia,Johnson,Patricia Johnson,1955,USA,7
158,Richard,Harris,Richard Harris,1943,Australia,5
159,David,Lewis,David Lewis,1931,UK,13
160,Patricia,Davis,Patricia Davis,1942,Canada,9
161,Michael,Miller,Michael Miller,1949,Ireland,20
162,Sarah,Anderson,Sarah Anderson,1932,Australia,17
163,Robert,Wilson,Robert Wilson,1931,Other,19
164,Jennifer,Rodriguez,Jennifer Rodriguez,1995,USA,14
165,Joseph,Davis,Joseph Davis,1971,UK,15
166,John,Anderson,John Anderson,1935,UK,3
167,Mason,Moore,Mason Moore,1931,USA,21
168,Patricia,Johnson,Patricia Johnson,1972,Canada,7
169,Ava,Moore,Ava Moore,1972,UK,7
170,Mia,Smith,Mia Smith,1933,UK,5
171,John,Clark,John Clark,1954,Australia,11
172,Linda,Garcia,Linda Garcia,1994,USA,12
173,Susan,Thomas,Susan Thomas,1928,Canada,12
174,Jessica,Miller,Jessica Miller,1936,USA,7
175,Richard,Johnson,Richard Johnson,1965,Canada,10
176,Jennifer,Gonzalez,Jennifer Gonzalez,1928,Australia,2
177,James,Gonzalez,James Gonzalez,1924,UK,6
178,William,Lewis,William Lewis,2002,UK,13
179,Mason,Anderson,Mason Anderson,1984,Australia,17
180,Elizabeth,Wilson,Elizabeth Wilson,1990,Other,4
181,Sophia,Harris,Sophia Harris,1955,USA,19
182,Mason,Moore,Mason Moore,1980,USA,7
183,Noah,White,Noah White,1993,Ireland,7
184,Jessica,Jones,Jessica Jones,1986,USA,18
185,Michael,Martinez,Michael Martinez,1977,Canada,8
186,Michael,Johnson,Michael Johnson,1980,Australia,7
187,Emma,Harris,Emma Harris,1920,Canada,17
188,Sarah,Johnson,Sarah Johnson,1944,Australia,6
189,Liam,Hernandez,Liam Hernandez,1925,Australia,13
190,Mary,Johnson,Mary Johnson,1951,UK,15
191,Emma,Thomas,Emma Thomas,1940,USA,21
192,Thomas,Taylor,Thomas Taylor,1994,Ireland,4
193,Jennifer,Johnson,Jennifer Johnson,1938,Other,18
194,Thomas,Williams,Thomas Williams,1966,UK,14
195,Jennifer,Williams,Jennifer Williams,1934,UK,21
196,Oliver,Williams,Oliver Williams,1973,UK,16
197,Noah,Davis,Noah Davis,1976,Ireland,10
198,Richard,Brown,Richard Brown,1935,Australia,12
199,Emma,Davis,Emma Davis,1943,UK,8
200,Emma,Martin,Emma Martin,1955,UK,18
201,Mary,Martin,Mary Martin,1947,USA,9
202,John,Wilson,John Wilson,1983,UK,17
203,Noah,Jackson,Noah Jackson,1992,USA,20
204,Emma,Taylor,Emma Taylor,1996,Canada,13
205,David,Rodriguez,David Rodriguez,1965,USA,6
206,Michael,Thompson,Michael Thompson,2001,UK,5
207,Sophia,Hernandez,Sophia Hernandez,1966,Ireland,10
208,Linda,Rodriguez,Linda Rodriguez,1975,Australia,13
209,Richard,Jones,Richard Jones,1924,USA,1
210,Noah,Lee,Noah Lee,1984,UK,15
211,Elizabeth,Anderson,Elizabeth Anderson,1968,USA,22
212,David,Clark,David Clark,1978,Australia,13
213,John,Smith,John Smith,1952,UK,3
214,Joseph,Martin,Joseph Martin,1920,USA,23
215,Emma,Brown,Emma Brown,1925,Canada,5
216,John,Moore,John Moore,1924,Other,21
217,Michael,Taylor,Michael Taylor,1942,Canada,5
218,William,Jones,William Jones,1993,Australia,17
219,Barbara,Williams,Barbara Williams,2004,UK,14
220,Linda,Lopez,Linda Lopez,1920,Other,13
221,Elizabeth,Garcia,Elizabeth Garcia,1923,USA,17
222,Joseph,Robinson,Joseph Robinson,1951,USA,8
223,Sarah,White,Sarah White,1958,Canada,2
224,Elizabeth,Martin,Elizabeth Martin,1973,Canada,18
225,Mason,Lee,Mason Lee,1931,Australia,12
226,Thomas,Smith,Thomas Smith,1924,USA,17
227,Noah,Robinson,Noah Robinson,1966,UK,5
228,Sarah,Martinez,Sarah Martinez,2004,UK,11
229,Noah,Brown,Noah Brown,1970,Ireland,2
230,Robert,Rodriguez,Robert Rodriguez,1957,UK,18
231,Patricia,Brown,Patricia Brown,1949,UK,19
232,Liam,Moore,Liam Moore,1982,Canada,6
233,Robert,Rodriguez,Robert Rodriguez,1998,USA,23
234,Elizabeth,Martin,Elizabeth Martin,1970,Canada,4
235,Michael,White,Michael White,1929,Ireland,10
236,David,Miller,David Miller,1936,USA,24
237,Noah,Lee,Noah Lee,1988,Other,21
238,William,Taylor,William Taylor,1985,USA,11
239,Jessica,Rodriguez,Jessica Rodriguez,1962,USA,19
240,Mary,Williams,Mary Williams,1942,USA,11
241,Ava,Wilson,Ava Wilson,1935,UK,8
242,Mia,Rodriguez,Mia Rodriguez,1923,USA,3
243,Mary,Smith,Mary Smith,1986,UK,18
244,David,Clark,David Clark,1980,USA,19
245,Robert,Lee,Robert Lee,1940,USA,10
246,William,Garcia,William Garcia,1980,USA,6
247,Liam,Anderson,Liam Anderson,1920,UK,12
248,Sarah,White,Sarah White,1965,USA,14
249,Susan,Moore,Susan Moore,1964,USA,15
250,James,Brown,James Brown,1975,Australia,16
251,John,White,John White,1980,USA,4
252,Robert,Moore,Robert Moore,1920,USA,3
253,Mary,Robinson,Mary Robinson,1971,USA,24
254,Barbara,Jackson,Barbara Jackson,1933,UK,23
255,Sarah,Jones,Sarah Jones,1997,UK,13
256,Susan,Jones,Susan Jones,1945,USA,24
257,Mary,Martinez,Mary Martinez,1926,Canada,23
258,Barbara,Lewis,Barbara Lewis,1937,UK,3
259,Mary,Lopez,Mary Lopez,1934,USA,23
260,Michael,Thompson,Michael Thompson,1947,USA,17
261,Linda,Thompson,Linda Thompson,1963,USA,13
262,Patricia,Lopez,Patricia Lopez,2003,UK,10
263,Isabella,Moore,Isabella Moore,1986,UK,18
264,Susan,Martin,Susan Martin,1953,UK,8
265,Liam,Jones,Liam Jones,2002,USA,5
266,Linda,Garcia,Linda Garcia,1925,Australia,2
267,Mason,Lewis,Mason Lewis,1978,USA,13
268,Jennifer,Wilson,Jennifer Wilson,1989,UK,1
269,James,Garcia,James Garcia,1972,USA,6
270,Liam,Hernandez,Liam Hernandez,1989,USA,4
271,Mason,Wilson,Mason Wilson,1994,USA,24
272,Mason,Thompson,Mason Thompson,1974,Australia,3
273,Liam,Lewis,Liam Lewis,1950,UK,4
274,Linda,Rodriguez,Linda Rodriguez,1943,USA,2
275,Jennifer,Lewis,Jennifer Lewis,2003,Other,4
276,Sophia,Brown,Sophia Brown,1998,Australia,17
277,Richard,Johnson,Richard Johnson,1970,Australia,2
278,Jessica,Davis,Jessica Davis,1998,UK,19
279,Michael,Robinson,Michael Robinson,1964,Canada,6
280,Joseph,Lopez,Joseph Lopez,1945,USA,19
281,Elizabeth,Robinson,Elizabeth Robinson,2003,UK,17
282,Mason,Davis,Mason Davis,1931,USA,14
283,Linda,Smith,Linda Smith,1983,USA,11
284,Noah,Miller,Noah Miller,1996,UK,1
285,Richard,Hernandez,Richard Hernandez,1925,USA,10
286,William,Williams,William Williams,1924,USA,12
287,Isabella,Rodriguez,Isabella Rodriguez,1921,USA,2
288,Barbara,Lee,Barbara Lee,2003,USA,5
289,Thomas,Gonzalez,Thomas Gonzalez,1992,Canada,11
290,Noah,Robinson,Noah Robinson,1934,UK,23
291,Sarah,Hernandez,Sarah Hernandez,1954,USA,17
292,James,Brown,James Brown,1988,Australia,12
293,William,Garcia,William Garcia,1969,USA,24
294,Emma,Rodriguez,Emma Rodriguez,1994,Ireland,12
295,Mary,Brown,Mary Brown,1954,Ireland,22
296,Oliver,Wilson,Oliver Wilson,1979,Australia,8
297,Barbara,Harris,Barbara Harris,1930,Canada,14
298,Mason,Hernandez,Mason Hernandez,1979,USA,21
299,Susan,Martin,Susan Martin,1956,Australia,14
300,Thomas,Brown,Thomas Brown,1945,Ireland,13
301,Richard,Jackson,Richard Jackson,1961,USA,8
302,Michael,Rodriguez,Michael Rodriguez,1991,UK,14
303,Mary,White,Mary White,1951,UK,6
304,Susan,Smith,Susan Smith,1942,UK,1
305,Thomas,Lewis,Thomas Lewis,1944,USA,15
306,Sarah,Thompson,Sarah Thompson,1985,UK,8
307,Liam,Harris,Liam Harris,1970,UK,6
308,Liam,Thompson,Liam Thompson,1925,USA,19
309,Michael,Lopez,Michael Lopez,1991,Canada,20
310,Susan,Williams,Susan Williams,1934,Australia,1
311,Noah,Hernandez,Noah Hernandez,1946,Canada,6
312,Oliver,Hernandez,Oliver Hernandez,1976,USA,5
313,Noah,Brown,Noah Brown,1946,Canada,4
314,Liam,Martinez,Liam Martinez,1985,Canada,10
315,Thomas,Martinez,Thomas Martinez,1957,UK,15
316,Noah,Wilson,Noah Wilson,1971,USA,8
317,David,Gonzalez,David Gonzalez,1924,UK,4
318,Sophia,Martinez,Sophia Martinez,1995,Canada,19
319,Sarah,Jones,Sarah Jones,1955,UK,11
320,Michael,Wilson,Michael Wilson,1946,USA,11
321,Noah,Gonzalez,Noah Gonzalez,1993,USA,6
322,Noah,Harris,Noah Harris,1991,UK,14
323,Jennifer,Martin,Jennifer Martin,1931,Ireland,8
324,Emma,Martinez,Emma Martinez,1981,USA,1
325,Richard,Moore,Richard Moore,1979,UK,12
326,Mia,Smith,Mia Smith,1987,Canada,5
327,Elizabeth,Martinez,Elizabeth Martinez,1991,Canada,17
328,Michael,Wilson,Michael Wilson,1950,UK,22
329,Mason,Jackson,Mason Jackson,1970,Canada,8
330,Oliver,Lee,Oliver Lee,1960,Ireland,23
331,David,Anderson,David Anderson,1920,USA,21
332,Joseph,Anderson,Joseph Anderson,1955,USA,1
333,Noah,Miller,Noah Miller,1982,USA,19
334,Thomas,Thomas,Thomas Thomas,1959,UK,15
335,Mason,Lewis,Mason Lewis,1992,Canada,10
336,Liam,Garcia,Liam Garcia,1971,Canada,9
337,Noah,Williams,Noah Williams,1954,USA,11
338,Elizabeth,Taylor,Elizabeth Taylor,1957,USA,18
339,Noah,Lee,Noah Lee,1953,Ireland,11
340,Oliver,Hernandez,Oliver Hernandez,1978,UK,19
341,John,Robinson,John Robinson,1973,USA,7
342,Isabella,Davis,Isabella Davis,1971,UK,24
343,Noah,Martinez,Noah Martinez,1952,USA,11
344,Linda,Lewis,Linda Lewis,1941,USA,18
345,Michael,Jones,Michael Jones,2004,UK,17
346,James,Johnson,James Johnson,2003,UK,20
347,Linda,Thomas,Linda Thomas,1982,Other,17
348,Oliver,Clark,Oliver Clark,1990,UK,13
349,John,Anderson,John Anderson,1970,USA,19
350,Susan,Lee,Susan Lee,1981,USA,17
351,Emma,Miller,Emma Miller,1964,USA,16
352,Sophia,White,Sophia White,1959,UK,1
353,Richard,Thomas,Richard Thomas,1997,Canada,18
354,Richard,Davis,Richard Davis,1985,UK,17
355,Robert,Lee,Robert Lee,1957,Canada,4
356,Sophia,Smith,Sophia Smith,1920,USA,23
357,Isabella,Clark,Isabella Clark,1922,USA,10
358,Patricia,Clark,Patricia Clark,2002,UK,1
359,Susan,Davis,Susan Davis,1974,USA,18
360,Jennifer,Lewis,Jennifer Lewis,1926,Canada,1
361,Sophia,Taylor,Sophia Taylor,1976,USA,24
362,Joseph,Johnson,Joseph Johnson,1978,UK,8
363,Sarah,Davis,Sarah Davis,1973,USA,5
364,Patricia,Anderson,Patricia Anderson,1986,Australia,15
365,Robert,Lewis,Robert Lewis,1927,USA,24
366,Joseph,Thompson,Joseph Thompson,1997,UK,14
367,Thomas,Moore,Thomas Moore,1935,USA,5
368,Oliver,Hernandez,Oliver Hernandez,1973,USA,23
369,Isabella,Anderson,Isabella Anderson,1967,USA,10
370,Oliver,Robinson,Oliver Robinson,1926,Canada,21
371,Liam,Taylor,Liam Taylor,1938,USA,19
372,Susan,Robinson,Susan Robinson,1955,UK,18
373,Sarah,Anderson,Sarah Anderson,1921,Ireland,5
374,Jennifer,Harris,Jennifer Harris,1939,USA,2
375,Jessica,Anderson,Jessica Anderson,1986,UK,12
376,William,Clark,William Clark,1939,UK,6
377,Linda,Robinson,Linda Robinson,1928,UK,12
378,Ava,Rodriguez,Ava Rodriguez,1943,USA,24
379,Isabella,Clark,Isabella Clark,1978,Australia,17
380,Thomas,Thomas,Thomas Thomas,2000,USA,8
381,Ava,Davis,Ava Davis,1985,UK,7
382,William,Anderson,William Anderson,1992,USA,11
383,John,White,John White,1923,USA,13
384,Elizabeth,Davis,Elizabeth Davis,1956,USA,18
385,William,Hernandez,William Hernandez,2004,Australia,9
386,David,Moore,David Moore,1957,USA,5
387,John,Jones,John Jones,1944,UK,12
388,Robert,Davis,Robert Davis,2004,USA,6
389,Richard,White,Richard White,1959,USA,13
390,Robert,White,Robert White,1972,USA,13
391,Michael,Williams,Michael Williams,1936,UK,14
392,Susan,Wilson,Susan Wilson,1983,USA,22
393,David,Moore,David Moore,1984,USA,4
394,Joseph,Wilson,Joseph Wilson,1945,USA,11
395,Mary,Miller,Mary Miller,1959,UK,4
396,Mia,Wilson,Mia Wilson,1978,USA,3
397,Richard,Clark,Richard Clark,1973,UK,15
398,Emma,White,Emma White,1943,Ireland,5
399,James,Clark,James Clark,1975,USA,4
400,Emma,Gonzalez,Emma Gonzalez,1939,USA,20
401,Jessica,Smith,Jessica Smith,2000,UK,13
402,Barbara,Martinez,Barbara Martinez,1992,Canada,21
403,Isabella,Gonzalez,Isabella Gonzalez,1992,USA,17
404,Mia,Wilson,Mia Wilson,1920,UK,11
405,Sarah,Harris,Sarah Harris,1961,UK,3
406,Liam,Moore,Liam Moore,1922,USA,12
407,Mason,Martin,Mason Martin,1963,Other,6
408,Linda,Thomas,Linda Thomas,1931,USA,12
409,Linda,Rodriguez,Linda Rodriguez,1978,Ireland,17
410,Susan,Thomas,Susan Thomas,1993,Canada,17
411,James,Gonzalez,James Gonzalez,1966,USA,16
412,David,Thompson,David Thompson,2002,Canada,21
413,Noah,Lewis,Noah Lewis,2000,Canada,22
414,Richard,Harris,Richard Harris,1999,Australia,18
415,Jennifer,Robinson,Jennifer Robinson,1931,USA,9
416,Joseph,Jones,Joseph Jones,1945,USA,10
417,Oliver,Moore,Oliver Moore,1935,Ireland,23
418,James,Gonzalez,James Gonzalez,1945,UK,7
419,Emma,Jackson,Emma Jackson,1933,USA,7
420,Noah,Smith,Noah Smith,1928,USA,8
421,John,Lee,John Lee,1978,Ireland,18
422,Susan,Jones,Susan Jones,1958,UK,10
423,Joseph,Garcia,Joseph Garcia,1936,Canada,24
424,Mary,Rodriguez,Mary Rodriguez,1979,UK,3
425,Richard,Hernandez,Richard Hernandez,1956,UK,23
426,Michael,Anderson,Michael Anderson,1958,USA,17
427,David,Hernandez,David Hernandez,1923,Canada,13
428,Isabella,Gonzalez,Isabella Gonzalez,2001,UK,13
429,William,Clark,William Clark,1961,Australia,2
430,Mia,Wilson,Mia Wilson,1974,UK,2
431,William,Robinson,William Robinson,1949,USA,13
432,John,Thomas,John Thomas,1932,USA,3
433,James,Harris,James Harris,1958,USA,17
434,Sarah,Johnson,Sarah Johnson,1981,UK,16
435,Barbara,Davis,Barbara Davis,1975,USA,10
436,Ava,Williams,Ava Williams,1949,UK,7
437,Isabella,Lee,Isabella Lee,2003,Canada,17
438,Mary,Clark,Mary Clark,1922,UK,24
439,James,Davis,James Davis,1949,Australia,18
440,Michael,Robinson,Michael Robinson,1981,UK,16
441,James,Martin,James Martin,1984,Ireland,15
442,Robert,Davis,Robert Davis,1992,USA,24
443,Robert,Thomas,Robert Thomas,1987,USA,5
444,Noah,Brown,Noah Brown,1980,USA,6
445,Emma,Miller,Emma Miller,1958,Australia,14
446,Joseph,White,Joseph White,1930,Ireland,2
447,William,Clark,William Clark,1944,Canada,4
448,Barbara,Garcia,Barbara Garcia,1978,UK,22
449,Oliver,Martin,Oliver Martin,1993,USA,9
450,Liam,White,Liam White,1922,Australia,5
451,Patricia,Clark,Patricia Clark,1924,UK,23
452,Mia,Garcia,Mia Garcia,1968,UK,20
453,Elizabeth,Brown,Elizabeth Brown,1980,USA,3
454,Emma,Smith,Emma Smith,1969,UK,17
455,Elizabeth,Jackson,Elizabeth Jackson,1922,Australia,6
456,Noah,Gonzalez,Noah Gonzalez,1932,USA,15
457,Richard,White,Richard White,1992,Australia,5
458,Michael,Williams,Michael Williams,1930,Australia,3
459,Emma,White,Emma White,1948,Australia,2
460,Mia,Lee,Mia Lee,1995,USA,15
461,Linda,Brown,Linda Brown,1959,Ireland,11
462,Sophia,Clark,Sophia Clark,1978,USA,15
463,Elizabeth,Thompson,Elizabeth Thompson,1957,USA,5
464,Oliver,Lewis,Oliver Lewis,1967,UK,6
465,Patricia,Lewis,Patricia Lewis,1956,USA,13
466,Emma,Lewis,Emma Lewis,1947,USA,17
467,Mary,Lopez,Mary Lopez,1959,Australia,19
468,Sarah,Wilson,Sarah Wilson,1977,UK,8
469,Noah,Lopez,Noah Lopez,1959,UK,13
470,John,Taylor,John Taylor,1952,Australia,19
471,Ava,Hernandez,Ava Hernandez,1999,Canada,1
472,James,Wilson,James Wilson,1978,Australia,9
473,Mia,Thomas,Mia Thomas,1932,Australia,21
474,Patricia,Wilson,Patricia Wilson,1961,USA,6
475,Barbara,Lee,Barbara Lee,1979,USA,11
476,Mia,Anderson,Mia Anderson,1964,Australia,19
477,Sophia,Jones,Sophia Jones,1950,Australia,10
478,Susan,Garcia,Susan Garcia,1951,USA,7
479,Liam,Taylor,Liam Taylor,1950,USA,2
480,Ava,Rodriguez,Ava Rodriguez,1997,Canada,12
481,Oliver,Lewis,Oliver Lewis,1958,USA,13
482,Sarah,Clark,Sarah Clark,1965,USA,9
483,Jessica,Anderson,Jessica Anderson,1936,USA,2
484,Susan,Robinson,Susan Robinson,1979,USA,13
485,Liam,Jackson,Liam Jackson,1954,USA,19
486,William,Hernandez,William Hernandez,1949,USA,9
487,Linda,Robinson,Linda Robinson,1982,USA,15
488,John,Rodriguez,John Rodriguez,1956,USA,4
489,Joseph,Davis,Joseph Davis,1939,Canada,18
490,Isabella,Anderson,Isabella Anderson,1987,USA,17
491,Emma,Martin,Emma Martin,1931,USA,10
492,Noah,Gonzalez,Noah Gonzalez,1984,USA,24
493,David,Smith,David Smith,2001,Australia,15
494,Jessica,Hernandez,Jessica Hernandez,1948,UK,3
495,Jennifer,Thomas,Jennifer Thomas,1971,Canada,7
496,Michael,Lopez,Michael Lopez,1948,USA,6
497,Mason,Rodriguez,Mason Rodriguez,1998,Australia,11
498,David,Rodriguez,David Rodriguez,1977,USA,2
499,Oliver,White,Oliver White,1965,UK,4
500,William,Moore,William Moore,2000,USA,9
501,James,Taylor,James Taylor,1958,UK,11
502,Michael,Williams,Michael Williams,1951,USA,14
503,Linda,Harris,Linda Harris,2003,Canada,3
504,Susan,Thomas,Susan Thomas,2000,Other,24
505,Sarah,Clark,Sarah Clark,1940,Ireland,5
506,Linda,White,Linda White,1978,Other,19
507,Jessica,Lee,Jessica Lee,1976,UK,1
508,Sophia,Thomas,Sophia Thomas,1977,Australia,15
509,Joseph,Lewis,Joseph Lewis,1953,USA,17
510,James,Williams,James Williams,1944,Canada,18
511,Elizabeth,Davis,Elizabeth Davis,1934,UK,8
512,Richard,White,Richard White,1979,USA,17
513,Linda,Martinez,Linda Martinez,1972,USA,14
514,Noah,Jackson,Noah Jackson,1969,Canada,3
515,Barbara,Thomas,Barbara Thomas,1983,USA,24
516,Sarah,Taylor,Sarah Taylor,1979,Other,20
517,Barbara,Wilson,Barbara Wilson,1965,UK,14
518,Liam,Moore,Liam Moore,1990,USA,12
519,David,Lopez,David Lopez,2003,UK,6
520,Sophia,Anderson,Sophia Anderson,1967,UK,22
521,William,Martinez,William Martinez,1921,Canada,11
522,William,Davis,William Davis,1983,UK,8
523,Patricia,Harris,Patricia Harris,1940,USA,18
524,Michael,Hernandez,Michael Hernandez,1957,USA,13
525,Patricia,Harris,Patricia Harris,1952,Other,9
526,Sarah,Clark,Sarah Clark,1927,Canada,19
527,Sophia,Garcia,Sophia Garcia,1960,USA,14
528,Michael,Miller,Michael Miller,1951,USA,22
529,Liam,Thomas,Liam Thomas,1939,USA,8
530,William,Harris,William Harris,1951,Ireland,1
531,Emma,Clark,Emma Clark,1921,UK,9
532,Thomas,Martin,Thomas Martin,1996,USA,13
533,Elizabeth,Brown,Elizabeth Brown,1945,USA,2
534,Mia,Miller,Mia Miller,1957,UK,14
535,Elizabeth,Davis,Elizabeth Davis,1934,USA,23
536,Barbara,Garcia,Barbara Garcia,1963,USA,11
537,Elizabeth,Smith,Elizabeth Smith,1980,Canada,6
538,Sophia,Moore,Sophia Moore,1928,Ireland,7
539,Robert,Rodriguez,Robert Rodriguez,1951,USA,12
540,Mary,Johnson,Mary Johnson,1927,Ireland,20
541,Sarah,Martinez,Sarah Martinez,1981,UK,7
542,Sophia,Jones,Sophia Jones,1994,Australia,4
543,Ava,Clark,Ava Clark,1925,Australia,3
544,Jessica,Brown,Jessica Brown,1960,USA,14
545,James,Jackson,James Jackson,1994,Canada,12
546,Elizabeth,Thomas,Elizabeth Thomas,1931,USA,13
547,Jessica,Anderson,Jessica Anderson,1938,Other,4
548,David,Garcia,David Garcia,1964,USA,23
549,Mary,Rodriguez,Mary Rodriguez,1972,Canada,19
550,Jessica,Brown,Jessica Brown,1963,UK,18
551,Mia,Williams,Mia Williams,2002,USA,24
552,Richard,Thomas,Richard Thomas,1978,Canada,10
553,John,Jackson,John Jackson,1954,USA,22
554,Ava,Thompson,Ava Thompson,1982,USA,7
555,Mary,Jones,Mary Jones,1995,USA,21
556,Robert,Lewis,Robert Lewis,1950,UK,24
557,Emma,Martinez,Emma Martinez,1939,UK,12
558,John,Davis,John Davis,1939,UK,18
559,Patricia,Moore,Patricia Moore,1968,UK,9
560,Isabella,Wilson,Isabella Wilson,1955,USA,2
561,Oliver,Martin,Oliver Martin,1985,UK,4
562,Mason,Martin,Mason Martin,1925,Canada,19
563,Linda,Clark,Linda Clark,1977,Ireland,12
564,Thomas,Gonzalez,Thomas Gonzalez,1922,UK,8
565,Joseph,Anderson,Joseph Anderson,1940,Canada,3
566,Elizabeth,Jackson,Elizabeth Jackson,1945,Canada,16
567,Susan,Martinez,Susan Martinez,1961,USA,14
568,Emma,Martin,Emma Martin,1921,USA,5
569,Mary,Martin,Mary Martin,1957,UK,22
570,Liam,Brown,Liam Brown,1979,UK,14
571,Isabella,Miller,Isabella Miller,2003,UK,6
572,Ava,Miller,Ava Miller,1936,USA,2
573,William,Thompson,William Thompson,1954,Canada,1
574,John,Garcia,John Garcia,1959,UK,4
575,Linda,Garcia,Linda Garcia,1964,USA,11
576,Sarah,Williams,Sarah Williams,1929,USA,14
577,Jennifer,Smith,Jennifer Smith,1999,UK,10
578,Susan,Anderson,Susan Anderson,1995,Australia,1
579,Sophia,Martin,Sophia Martin,1924,USA,11
580,Jessica,Martinez,Jessica Martinez,1995,Canada,22
581,Mary,Davis,Mary Davis,2003,USA,11
582,Elizabeth,White,Elizabeth White,1956,USA,12
583,Elizabeth,White,Elizabeth White,1956,Canada,24
584,Joseph,Williams,Joseph Williams,1963,UK,15
585,Noah,Davis,Noah Davis,1998,UK,20
586,William,Lewis,William Lewis,1997,USA,5
587,Mason,Lee,Mason Lee,1939,USA,1
588,Emma,Thompson,Emma Thompson,1954,UK,21
589,Mason,Miller,Mason Miller,1978,USA,17
590,Susan,Brown,Susan Brown,1970,USA,10
591,Sarah,Davis,Sarah Davis,1939,Other,24
592,Ava,Jones,Ava Jones,1962,USA,18
593,William,Robinson,William Robinson,1948,Australia,24
594,Robert,Williams,Robert Williams,1962,UK,12
595,Mary,Garcia,Mary Garcia,1957,USA,13
596,Mason,Martinez,Mason Martinez,1971,Canada,10
597,Oliver,Harris,Oliver Harris,1927,Other,1
598,Mia,Jackson,Mia Jackson,1927,USA,6
599,Elizabeth,Anderson,Elizabeth Anderson,1924,Other,15
600,Patricia,Anderson,Patricia Anderson,1953,Canada,23
601,Sophia,Martinez,Sophia Martinez,1962,Canada,18
602,Sophia,Gonzalez,Sophia Gonzalez,2001,UK,8
603,William,Taylor,William Taylor,1966,UK,12
604,Sarah,Thomas,Sarah Thomas,1991,Canada,4
605,Joseph,Williams,Joseph Williams,1952,UK,16
606,Oliver,Johnson,Oliver Johnson,1933,USA,5
607,Susan,Harris,Susan Harris,1981,Canada,18
608,David,Martin,David Martin,1983,USA,9
609,William,Smith,William Smith,1952,UK,16
610,John,Davis,John Davis,1932,Canada,13
611,Noah,Robinson,Noah Robinson,1950,Canada,4
612,Emma,Jackson,Emma Jackson,1923,Canada,6
613,James,Clark,James Clark,2001,Australia,23
614,Noah,Robinson,Noah Robinson,2002,Australia,1
615,William,Jackson,William Jackson,1973,UK,21
616,Mary,Clark,Mary Clark,1934,UK,7
617,Isabella,Garcia,Isabella Garcia,1934,Canada,1
618,Jessica,Taylor,Jessica Taylor,1968,UK,3
619,Ava,Anderson,Ava Anderson,1963,USA,11
620,William,Garcia,William Garcia,1991,Canada,10
621,Emma,Wilson,Emma Wilson,1985,UK,3
622,Ava,Robinson,Ava Robinson,2004,Australia,16
623,Jessica,Williams,Jessica Williams,1985,UK,21
624,Jessica,Lopez,Jessica Lopez,1945,USA,5
625,Susan,Hernandez,Susan Hernandez,1967,UK,12
626,David,Thompson,David Thompson,1934,USA,23
627,Patricia,Garcia,Patricia Garcia,1989,Canada,12
628,David,Wilson,David Wilson,1962,USA,23
629,Sophia,Thomas,Sophia Thomas,1999,UK,15
630,Elizabeth,Thompson,Elizabeth Thompson,1944,Canada,19
631,Richard,Robinson,Richard Robinson,1934,USA,13
632,Isabella,Moore,Isabella Moore,1938,USA,4
633,Mary,Anderson,Mary Anderson,1971,Canada,15
634,John,Hernandez,John Hernandez,1947,UK,16
635,William,Hernandez,William Hernandez,1955,Canada,2
636,Patricia,Clark,Patricia Clark,1968,Other,11
637,Richard,Taylor,Richard Taylor,1926,Canada,10
638,Mia,Smith,Mia Smith,1958,UK,7
639,Noah,Moore,Noah Moore,1982,USA,10
640,Joseph,Wilson,Joseph Wilson,1980,USA,4
641,Mary,Miller,Mary Miller,2003,UK,7
642,Thomas,Lopez,Thomas Lopez,1973,UK,24
643,Oliver,Clark,Oliver Clark,1964,UK,13
644,Jessica,Lee,Jessica Lee,1941,Australia,22
645,Joseph,Clark,Joseph Clark,1928,Canada,15
646,Mary,Miller,Mary Miller,1929,USA,10
647,William,Moore,William Moore,1991,Canada,17
648,Robert,Martinez,Robert Martinez,1945,USA,4
649,Joseph,White,Joseph White,1969,Canada,4
650,Jessica,Brown,Jessica Brown,1979,Canada,18
651,James,Lee,James Lee,1938,UK,1
652,Oliver,Lewis,Oliver Lewis,1974,UK,15
653,Linda,White,Linda White,1968,Canada,2
654,Jennifer,Martinez,Jennifer Martinez,1952,USA,17
655,Sarah,Smith,Sarah Smith,1941,USA,15
656,Sarah,Wilson,Sarah Wilson,1954,UK,11
657,John,Davis,John Davis,1929,USA,13
658,Mia,Brown,Mia Brown,1976,UK,2
659,Joseph,Brown,Joseph Brown,1983,USA,21
660,Ava,Robinson,Ava Robinson,1937,UK,22
661,Robert,Thomas,Robert Thomas,1958,Canada,11
662,Sophia,Martinez,Sophia Martinez,1943,USA,19
663,Thomas,White,Thomas White,1987,Canada,10
664,William,Wilson,William Wilson,1951,USA,14
665,Mia,Thomas,Mia Thomas,1955,USA,1
666,Jessica,Davis,Jessica Davis,1955,USA,8
667,Joseph,Moore,Joseph Moore,1989,USA,4
668,Robert,Gonzalez,Robert Gonzalez,1932,UK,2
669,Michael,Martin,Michael Martin,1979,Australia,21
670,Thomas,Harris,Thomas Harris,1927,Australia,18
671,Robert,Williams,Robert Williams,1986,UK,3
672,William,Clark,William Clark,1989,USA,12
673,Mason,Wilson,Mason Wilson,1921,USA,3
674,David,Lewis,David Lewis,1949,USA,22
675,Thomas,Rodriguez,Thomas Rodriguez,1963,USA,5
676,Mia,Smith,Mia Smith,1996,UK,15
677,Elizabeth,Harris,Elizabeth Harris,1974,UK,23
678,Elizabeth,Robinson,Elizabeth Robinson,1935,USA,16
679,Emma,Jackson,Emma Jackson,1931,Other,3
680,Noah,Thomas,Noah Thomas,1935,USA,23
681,Robert,Anderson,Robert Anderson,1924,Canada,24
682,Sarah,Thomas,Sarah Thomas,1984,Australia,21
683,Barbara,Hernandez,Barbara Hernandez,2003,UK,18
684,Sarah,Clark,Sarah Clark,1991,Canada,1
685,Sarah,Gonzalez,Sarah Gonzalez,1935,UK,20
686,Joseph,Hernandez,Joseph Hernandez,1933,USA,23
687,Michael,White,Michael White,1985,USA,2
688,Linda,Jackson,Linda Jackson,1992,UK,3
689,Richard,Davis,Richard Davis,1971,USA,4
690,Isabella,Wilson,Isabella Wilson,2001,UK,3
691,Mary,Hernandez,Mary Hernandez,1941,UK,22
692,Liam,Thomas,Liam Thomas,1979,Australia,10
693,Sophia,Lewis,Sophia Lewis,1931,Ireland,10
694,Richard,Gonzalez,Richard Gonzalez,1957,Australia,3
695,Noah,Lewis,Noah Lewis,1949,Australia,14
696,Mia,Lee,Mia Lee,1925,USA,7
697,Robert,Thomas,Robert Thomas,1971,Australia,15
698,Mary,Jones,Mary Jones,1940,USA,2
699,Thomas,Jackson,Thomas Jackson,1954,USA,20
700,David,Brown,David Brown,2001,UK,2
701,Joseph,Brown,Joseph Brown,1944,UK,1
702,Thomas,Anderson,Thomas Anderson,1955,UK,1
703,James,Harris,James Harris,1999,Canada,20
704,Robert,Wilson,Robert Wilson,1922,Other,6
705,Ava,Jones,Ava Jones,1944,Canada,2
706,John,Thomas,John Thomas,1927,UK,4
707,Mason,Rodriguez,Mason Rodriguez,1944,USA,13
708,David,Martin,David Martin,1979,Canada,13
709,Sophia,Gonzalez,Sophia Gonzalez,1950,UK,18
710,Ava,Williams,Ava Williams,1979,Australia,11
711,David,Thompson,David Thompson,1921,Canada,19
712,Sarah,Gonzalez,Sarah Gonzalez,1950,USA,19
713,David,Lee,David Lee,1953,UK,2
714,Sophia,Clark,Sophia Clark,1930,Canada,24
715,Jessica,Moore,Jessica Moore,1998,Other,19
716,Mary,Martin,Mary Martin,1928,USA,9
717,John,Davis,John Davis,1947,USA,19
718,Ava,Thompson,Ava Thompson,1926,Canada,1
719,Elizabeth,Davis,Elizabeth Davis,1923,UK,8
720,Liam,Williams,Liam Williams,1936,USA,20
721,Susan,Brown,Susan Brown,1971,Canada,6
722,Isabella,Lee,Isabella Lee,1969,USA,20
723,Sophia,Brown,Sophia Brown,1982,UK,3
724,Joseph,Garcia,Joseph Garcia,1926,UK,22
725,Sophia,Martinez,Sophia Martinez,1933,USA,22
726,James,Johnson,James Johnson,1924,USA,2
727,David,Lewis,David Lewis,1981,UK,22
728,Mary,Martinez,Mary Martinez,1998,UK,23
729,Barbara,Lopez,Barbara Lopez,1977,USA,5
730,Susan,Jones,Susan Jones,1984,USA,18
731,Linda,Taylor,Linda Taylor,2004,USA,5
732,Susan,Jackson,Susan Jackson,1964,USA,17
733,Noah,Lewis,Noah Lewis,1979,UK,21
734,Jennifer,Garcia,Jennifer Garcia,1971,USA,21
735,Jennifer,Williams,Jennifer Williams,1945,USA,2
736,Oliver,Gonzalez,Oliver Gonzalez,1971,USA,18
737,Oliver,Thompson,Oliver Thompson,1971,Australia,10
738,Linda,Thomas,Linda Thomas,1940,Other,17
739,Emma,Jones,Emma Jones,1983,Canada,9
740,Linda,Anderson,Linda Anderson,1960,Canada,16
741,Ava,Rodriguez,Ava Rodriguez,1948,USA,18
742,Joseph,Rodriguez,Joseph Rodriguez,1977,USA,8
743,Noah,Smith,Noah Smith,1940,Australia,23
744,Mason,Anderson,Mason Anderson,1953,USA,22
745,Elizabeth,Thompson,Elizabeth Thompson,1991,USA,17
746,Sarah,Garcia,Sarah Garcia,1979,UK,13
747,John,Anderson,John Anderson,2002,USA,12
748,Barbara,Jackson,Barbara Jackson,1984,UK,8
749,Elizabeth,Lee,Elizabeth Lee,1996,USA,23
750,Susan,White,Susan White,1962,Canada,19
751,William,Anderson,William Anderson,1943,USA,17
752,Elizabeth,Miller,Elizabeth Miller,1924,UK,8
753,Richard,Thomas,Richard Thomas,1977,UK,4
754,Patricia,Davis,Patricia Davis,1930,Other,19
755,Richard,Jackson,Richard Jackson,1926,Canada,19
756,Barbara,Jackson,Barbara Jackson,1977,USA,22
757,Elizabeth,White,Elizabeth White,1927,USA,6
758,Elizabeth,Smith,Elizabeth Smith,2000,USA,8
759,Mia,Thompson,Mia Thompson,1944,Other,15
760,Richard,Rodriguez,Richard Rodriguez,1969,USA,4
761,James,Jackson,James Jackson,1987,Canada,9
762,Noah,Clark,Noah Clark,1981,Australia,10
763,Liam,Johnson,Liam Johnson,1940,USA,8
764,Oliver,Harris,Oliver Harris,1921,UK,21
765,Jessica,Robinson,Jessica Robinson,1951,Canada,2
766,Elizabeth,Clark,Elizabeth Clark,1930,USA,17
767,Mason,Davis,Mason Davis,1959,UK,9
768,Oliver,Lewis,Oliver Lewis,1944,USA,14
769,Barbara,Davis,Barbara Davis,1941,USA,20
770,Ava,Miller,Ava Miller,2004,Canada,19
771,Oliver,Rodriguez,Oliver Rodriguez,1965,USA,21
772,Noah,Clark,Noah Clark,1951,USA,7
773,Liam,Clark,Liam Clark,1931,Ireland,18
774,Noah,Thompson,Noah Thompson,1940,Canada,21
775,Mia,Jones,Mia Jones,1927,Canada,14
776,Ava,Brown,Ava Brown,1926,USA,11
777,Ava,Lee,Ava Lee,1941,Other,22
778,Mary,Martinez,Mary Martinez,1948,Canada,2
779,Mason,Anderson,Mason Anderson,1948,Canada,20
780,Mary,Jackson,Mary Jackson,1946,Other,15
781,Barbara,Harris,Barbara Harris,1942,Australia,13
782,Robert,Williams,Robert Williams,1941,UK,1
783,Elizabeth,Hernandez,Elizabeth Hernandez,1975,UK,22
784,Liam,Wilson,Liam Wilson,1938,USA,7
785,Jennifer,Miller,Jennifer Miller,1944,Canada,15
786,Robert,Lewis,Robert Lewis,1927,UK,16
787,Sarah,Lopez,Sarah Lopez,1991,USA,5
788,Thomas,Taylor,Thomas Taylor,1922,Other,8
789,William,Robinson,William Robinson,1983,Australia,11
790,Jennifer,Rodriguez,Jennifer Rodriguez,1929,Canada,14
791,Mia,Thomas,Mia Thomas,1946,Canada,16
792,Mason,Martinez,Mason Martinez,1932,UK,4
793,Liam,Hernandez,Liam Hernandez,1977,USA,17
794,Mason,Brown,Mason Brown,1997,USA,2
795,Joseph,Williams,Joseph Williams,1972,USA,11
796,Robert,Clark,Robert Clark,1935,USA,23
797,Linda,Thompson,Linda Thompson,1989,Australia,5
798,Liam,Thompson,Liam Thompson,1977,USA,4
799,Richard,Lewis,Richard Lewis,1939,Canada,22
800,Sarah,Lopez,Sarah Lopez,1945,USA,21
801,John,Lewis,John Lewis,1973,Canada,21
802,Richard,Smith,Richard Smith,1993,UK,4
803,William,Moore,William Moore,1979,Canada,20
804,Patricia,Anderson,Patricia Anderson,1936,UK,4
805,Barbara,Thompson,Barbara Thompson,1933,Canada,5
806,Liam,Thompson,Liam Thompson,1999,USA,20
807,William,Jackson,William Jackson,1923,USA,24
808,Richard,Robinson,Richard Robinson,1953,UK,19
809,Ava,Lopez,Ava Lopez,1950,USA,19
810,Patricia,Thompson,Patricia Thompson,1968,UK,19
811,Linda,Thomas,Linda Thomas,1941,Canada,12
812,James,Martin,James Martin,1949,Other,21
813,Sarah,Hernandez,Sarah Hernandez,1950,Australia,19
814,Oliver,Davis,Oliver Davis,1967,USA,23
815,Ava,Williams,Ava Williams,1974,USA,20
816,Ava,Robinson,Ava Robinson,1966,Other,22
817,Joseph,White,Joseph White,1964,USA,6
818,Elizabeth,Lee,Elizabeth Lee,1923,UK,15
819,Susan,Brown,Susan Brown,1934,UK,14
820,Robert,Johnson,Robert Johnson,1994,Canada,16
821,Mary,Martinez,Mary Martinez,1988,USA,10
822,Jessica,Brown,Jessica Brown,1969,USA,11
823,Patricia,Davis,Patricia Davis,1989,UK,13
824,Sarah,Jones,Sarah Jones,1970,Ireland,10
825,Richard,Anderson,Richard Anderson,1954,UK,19
826,Barbara,Thompson,Barbara Thompson,1988,Australia,5
827,Liam,White,Liam White,2003,Australia,10
828,Sarah,Wilson,Sarah Wilson,1983,UK,6
829,Emma,Harris,Emma Harris,1923,USA,7
830,Liam,Jones,Liam Jones,1954,UK,4
831,Susan,Lee,Susan Lee,1989,USA,14
832,Patricia,Robinson,Patricia Robinson,1979,USA,20
833,Jessica,Martin,Jessica Martin,1943,UK,21
834,Susan,Rodriguez,Susan Rodriguez,1949,USA,10
835,Mary,White,Mary White,1949,USA,7
836,Barbara,Miller,Barbara Miller,1954,USA,14
837,Joseph,Anderson,Joseph Anderson,1929,USA,22
838,Linda,Lopez,Linda Lopez,1996,USA,9
839,Patricia,Thompson,Patricia Thompson,1964,Australia,11
840,Barbara,Moore,Barbara Moore,2003,UK,11
841,Ava,Lopez,Ava Lopez,1976,USA,18
842,Mary,Gonzalez,Mary Gonzalez,1952,Canada,6
843,William,Miller,William Miller,1934,USA,24
844,Patricia,Robinson,Patricia Robinson,1994,Other,15
845,Joseph,Williams,Joseph Williams,1967,Ireland,10
846,Noah,Miller,Noah Miller,1945,UK,14
847,Ava,Lee,Ava Lee,1976,UK,21
848,Oliver,Smith,Oliver Smith,2001,USA,23
849,Mary,Lewis,Mary Lewis,1956,UK,19
850,David,Davis,David Davis,2004,UK,9
851,Robert,Lewis,Robert Lewis,1952,USA,4
852,Emma,Miller,Emma Miller,1990,Canada,1
853,John,Robinson,John Robinson,2000,Other,2
854,Isabella,Moore,Isabella Moore,1947,Canada,9
855,Michael,Jackson,Michael Jackson,1958,Canada,17
856,Michael,Robinson,Michael Robinson,1989,USA,2
857,Linda,Hernandez,Linda Hernandez,1984,UK,5
858,Isabella,Jones,Isabella Jones,1921,Canada,2
859,Mason,Martin,Mason Martin,1993,UK,16
860,James,Rodriguez,James Rodriguez,1970,Canada,22
861,Robert,Jones,Robert Jones,1995,USA,8
862,Sarah,Rodriguez,Sarah Rodriguez,1957,Australia,10
863,Mason,Garcia,Mason Garcia,1983,Canada,17
864,Patricia,Thompson,Patricia Thompson,1983,USA,21
865,James,Jones,James Jones,1939,UK,4
866,James,Lopez,James Lopez,1934,USA,21
867,Mason,Lewis,Mason Lewis,1998,Australia,14
868,Linda,Jackson,Linda Jackson,1946,Ireland,8
869,David,Smith,David Smith,1977,Canada,17
870,Jennifer,Rodriguez,Jennifer Rodriguez,1982,UK,24
871,Mary,Jones,Mary Jones,1922,Ireland,1
872,Liam,Wilson,Liam Wilson,1961,UK,6
873,Thomas,Brown,Thomas Brown,1958,Canada,18
874,Liam,Williams,Liam Williams,1962,Canada,19
875,Jessica,Anderson,Jessica Anderson,1930,USA,10
876,Isabella,Lopez,Isabella Lopez,1927,USA,9
877,Thomas,Jackson,Thomas Jackson,1955,USA,8
878,Patricia,Anderson,Patricia Anderson,1974,UK,15
879,Thomas,Davis,Thomas Davis,1967,Australia,18
880,Oliver,Johnson,Oliver Johnson,1961,UK,6
881,Liam,Lewis,Liam Lewis,1931,USA,16
882,Noah,Taylor,Noah Taylor,1922,USA,18
883,Elizabeth,Anderson,Elizabeth Anderson,1959,UK,1
884,Ava,Smith,Ava Smith,1927,Australia,16
885,Mary,Thomas,Mary Thomas,1923,Canada,14
886,Richard,Wilson,Richard Wilson,1938,Australia,12
887,Noah,Brown,Noah Brown,1930,UK,16
888,Jessica,White,Jessica White,1920,UK,23
889,Joseph,Williams,Joseph Williams,1940,Canada,2
890,John,Hernandez,John Hernandez,1923,Other,23
891,Oliver,Jones,Oliver Jones,1946,Canada,3
892,John,Jones,John Jones,1987,Canada,2
893,William,Martin,William Martin,1945,USA,5
894,Ava,Jackson,Ava Jackson,1980,USA,9
895,Sarah,White,Sarah White,1969,USA,12
896,David,Gonzalez,David Gonzalez,1930,Ireland,12
897,Oliver,Taylor,Oliver Taylor,1992,USA,2
898,Elizabeth,Anderson,Elizabeth Anderson,1922,Australia,16
899,Thomas,Martin,Thomas Martin,1940,USA,1
900,Susan,Brown,Susan Brown,2004,UK,2
901,Mason,White,Mason White,1960,Canada,18
902,Patricia,Lee,Patricia Lee,1977,UK,23
903,Ava,Clark,Ava Clark,1967,UK,17
904,Sarah,Harris,Sarah Harris,1988,Australia,15
905,Michael,Wilson,Michael Wilson,1954,USA,16
906,Joseph,Davis,Joseph Davis,1953,USA,8
907,Susan,Hernandez,Susan Hernandez,1947,Canada,6
908,Mia,Anderson,Mia Anderson,1992,Canada,1
909,Richard,Wilson,Richard Wilson,1991,USA,3
910,Liam,Brown,Liam Brown,1923,Australia,15
911,David,Wilson,David Wilson,1957,USA,21
912,David,Thompson,David Thompson,1976,USA,14
913,William,Lopez,William Lopez,1933,Ireland,17
914,Robert,Thompson,Robert Thompson,1958,Australia,13
915,Jessica,Williams,Jessica Williams,1998,USA,1
916,John,Robinson,John Robinson,1925,Canada,23
917,John,Williams,John Williams,1978,USA,24
918,Susan,Brown,Susan Brown,1965,UK,4
919,Liam,Harris,Liam Harris,1991,USA,19
920,Barbara,Lewis,Barbara Lewis,1949,Australia,20
921,Robert,Moore,Robert Moore,1944,UK,14
922,Mary,Jackson,Mary Jackson,1945,Other,22
923,Sarah,Moore,Sarah Moore,1967,Canada,14
924,David,Thompson,David Thompson,1970,Australia,19
925,Patricia,Wilson,Patricia Wilson,1992,Australia,13
926,Barbara,Thompson,Barbara Thompson,1990,UK,9
927,Isabella,Wilson,Isabella Wilson,1938,Australia,14
928,Liam,Johnson,Liam Johnson,1957,USA,4
929,Elizabeth,Martin,Elizabeth Martin,1959,USA,9
930,Elizabeth,Lopez,Elizabeth Lopez,1983,UK,20
931,Patricia,Jackson,Patricia Jackson,1933,UK,3
932,Thomas,Miller,Thomas Miller,1978,Canada,9
933,Robert,Thompson,Robert Thompson,1987,USA,8
934,Jessica,Davis,Jessica Davis,1921,Canada,14
935,Patricia,Lopez,Patricia Lopez,1960,Other,23
936,Sarah,Lopez,Sarah Lopez,1935,USA,17
937,Patricia,Clark,Patricia Clark,1967,USA,3
938,William,Jackson,William Jackson,1930,Other,18
939,Linda,Lewis,Linda Lewis,2004,UK,5
940,Susan,Moore,Susan Moore,1967,Australia,3
941,Isabella,Robinson,Isabella Robinson,1963,USA,9
942,Oliver,Martin,Oliver Martin,1980,USA,3
943,Noah,Lee,Noah Lee,2000,USA,1
944,Sarah,Smith,Sarah Smith,1927,UK,15
945,Oliver,Thompson,Oliver Thompson,1959,USA,12
946,Mia,White,Mia White,1965,Canada,9
947,William,Smith,William Smith,1938,Australia,22
948,Jennifer,Rodriguez,Jennifer Rodriguez,1940,UK,20
949,Sophia,Clark,Sophia Clark,1948,UK,23
950,Elizabeth,Hernandez,Elizabeth Hernandez,1990,USA,4
951,Barbara,Smith,Barbara Smith,1941,Canada,3
952,Jennifer,Jones,Jennifer Jones,1985,USA,23
953,Emma,Thompson,Emma Thompson,1920,USA,6
954,Richard,Williams,Richard Williams,1925,Australia,18
955,Robert,Harris,Robert Harris,1936,USA,6
956,Ava,Smith,Ava Smith,1946,USA,10
957,John,Harris,John Harris,1984,UK,13
958,Thomas,Miller,Thomas Miller,1959,UK,16
959,Richard,Wilson,Richard Wilson,2003,USA,13
960,Joseph,Hernandez,Joseph Hernandez,1980,USA,14
961,Jennifer,Lopez,Jennifer Lopez,1981,Australia,20
962,Elizabeth,Harris,Elizabeth Harris,1958,Australia,17
963,David,Clark,David Clark,1983,UK,11
964,Emma,Martin,Emma Martin,1973,Ireland,9
965,John,Johnson,John Johnson,1956,USA,17
966,Robert,Garcia,Robert Garcia,1940,USA,7
967,Isabella,Martin,Isabella Martin,1974,Australia,13
968,Mary,Thompson,Mary Thompson,1983,Canada,19
969,John,Rodriguez,John Rodriguez,1930,USA,14
970,Joseph,Thompson,Joseph Thompson,1964,USA,12
971,Susan,Thomas,Susan Thomas,1938,UK,8
972,Oliver,Anderson,Oliver Anderson,1980,Canada,12
973,Susan,Rodriguez,Susan Rodriguez,1980,USA,13
974,Michael,Clark,Michael Clark,1988,USA,14
975,Thomas,Brown,Thomas Brown,1949,USA,23
976,Barbara,Wilson,Barbara Wilson,1968,UK,18
977,Patricia,Martinez,Patricia Martinez,1937,USA,1
978,Noah,Thompson,Noah Thompson,1955,USA,19
979,Emma,Thomas,Emma Thomas,1947,UK,17
980,Thomas,Thompson,Thomas Thompson,1995,USA,15
981,Elizabeth,Johnson,Elizabeth Johnson,1960,Ireland,9
982,Linda,Gonzalez,Linda Gonzalez,1993,USA,11
983,Oliver,Johnson,Oliver Johnson,1996,USA,18
984,James,Miller,James Miller,1970,Ireland,7
985,Elizabeth,Miller,Elizabeth Miller,1947,USA,6
986,Isabella,Jones,Isabella Jones,1946,Canada,6
987,Isabella,Rodriguez,Isabella Rodriguez,1922,UK,8
988,Elizabeth,Hernandez,Elizabeth Hernandez,1921,USA,12
989,Patricia,Smith,Patricia Smith,1954,UK,23
990,Jessica,Harris,Jessica Harris,1964,USA,5
991,Susan,Garcia,Susan Garcia,2004,Australia,23
992,Robert,Gonzalez,Robert Gonzalez,1943,Canada,21
993,Sarah,White,Sarah White,1973,Australia,4
994,Linda,Taylor,Linda Taylor,1964,USA,21
995,Sarah,Robinson,Sarah Robinson,1949,UK,2
996,Noah,Lewis,Noah Lewis,1951,Australia,12
997,Barbara,Williams,Barbara Williams,1998,Canada,23
998,Richard,Harris,Richard Harris,1994,UK,22
999,Mary,Wilson,Mary Wilson,1952,UK,2
1000,James,Anderson,James Anderson,1975,USA,7
1001,John,Hernandez,John Hernandez,1987,USA,1
1002,Emma,Wilson,Emma Wilson,1984,Ireland,19
1003,Emma,Gonzalez,Emma Gonzalez,1948,UK,18
1004,Sophia,Lee,Sophia Lee,1954,USA,11
1005,Susan,Martinez,Susan Martinez,1968,USA,5
1006,Patricia,Gonzalez,Patricia Gonzalez,1927,USA,20
1007,James,Hernandez,James Hernandez,1975,Other,1
1008,Jennifer,Lewis,Jennifer Lewis,1950,Canada,13
1009,Oliver,Anderson,Oliver Anderson,1969,UK,24
1010,Mia,White,Mia White,1978,UK,13
1011,Barbara,Williams,Barbara Williams,1923,USA,14
1012,Susan,Brown,Susan Brown,1983,UK,19
1013,Linda,Wilson,Linda Wilson,1969,USA,15
1014,Emma,Gonzalez,Emma Gonzalez,1949,USA,5
1015,Thomas,Williams,Thomas Williams,1961,USA,3
1016,Richard,Martinez,Richard Martinez,1925,UK,9
1017,Liam,Hernandez,Liam Hernandez,1948,USA,15
1018,Linda,Hernandez,Linda Hernandez,1936,USA,16
1019,Isabella,Garcia,Isabella Garcia,1941,UK,5
1020,John,Taylor,John Taylor,1968,UK,13
1021,Ava,Brown,Ava Brown,1972,Australia,19
1022,Thomas,Taylor,Thomas Taylor,1922,USA,13
1023,Michael,Clark,Michael Clark,1970,USA,21
1024,Barbara,Lopez,Barbara Lopez,1965,Canada,21
1025,Liam,Robinson,Liam Robinson,1963,Australia,4
1026,Ava,Robinson,Ava Robinson,1920,UK,24
1027,Robert,Davis,Robert Davis,1932,UK,11
1028,Patricia,Jones,Patricia Jones,1970,Canada,3
1029,William,Miller,William Miller,2001,UK,24
1030,Jennifer,Martin,Jennifer Martin,1938,USA,21
1031,Robert,Clark,Robert Clark,1927,USA,17
1032,Isabella,Lee,Isabella Lee,1955,Ireland,21
1033,John,Garcia,John Garcia,1930,USA,15
1034,Isabella,Lee,Isabella Lee,1931,USA,22
1035,Jessica,Anderson,Jessica Anderson,1930,UK,5
1036,Isabella,Jackson,Isabella Jackson,2000,Canada,9
1037,Isabella,Jackson,Isabella Jackson,1965,USA,6
1038,Joseph,Thompson,Joseph Thompson,1936,Ireland,16
1039,Emma,Lee,Emma Lee,1971,Australia,23
1040,Ava,Martin,Ava Martin,1994,USA,24
1041,David,Lee,David Lee,1942,USA,11
1042,David,Jones,David Jones,1983,UK,18
1043,Joseph,Williams,Joseph Williams,2000,Australia,14
1044,Jessica,Anderson,Jessica Anderson,2001,UK,15
1045,Ava,Martinez,Ava Martinez,1923,Australia,3
1046,Mason,Rodriguez,Mason Rodriguez,1967,Other,8
1047,Emma,Johnson,Emma Johnson,1964,UK,17
1048,Barbara,Taylor,Barbara Taylor,1991,USA,6
1049,John,Martinez,John Martinez,1986,UK,13
1050,Joseph,Anderson,Joseph Anderson,1966,UK,23
1051,Mary,Johnson,Mary Johnson,1999,Canada,22
1052,Barbara,Robinson,Barbara Robinson,1962,Australia,10
1053,Elizabeth,Williams,Elizabeth Williams,1961,UK,21
1054,Ava,Williams,Ava Williams,1999,Australia,9
1055,Oliver,Martin,Oliver Martin,1943,Canada,15
1056,Thomas,Gonzalez,Thomas Gonzalez,1954,Other,8
1057,Joseph,Jackson,Joseph Jackson,1945,Australia,7
1058,Sarah,Lewis,Sarah Lewis,1949,USA,1
1059,Liam,Johnson,Liam Johnson,1955,Australia,1
1060,Joseph,Lewis,Joseph Lewis,1934,USA,8
1061,Emma,Lee,Emma Lee,1927,Canada,9
1062,Michael,Hernandez,Michael Hernandez,1920,Australia,2
1063,Oliver,Thomas,Oliver Thomas,1982,USA,9
1064,Thomas,Jones,Thomas Jones,1953,USA,4
1065,Mary,Anderson,Mary Anderson,1949,USA,11
1066,Patricia,Lewis,Patricia Lewis,1991,USA,13
1067,Mia,Hernandez,Mia Hernandez,1964,Canada,13
1068,Sophia,Williams,Sophia Williams,1980,USA,6
1069,Thomas,Lee,Thomas Lee,1935,Canada,17
1070,Jennifer,Johnson,Jennifer Johnson,1953,Canada,16
1071,Linda,White,Linda White,1979,USA,13
1072,Joseph,Anderson,Joseph Anderson,1975,USA,2
1073,Thomas,Taylor,Thomas Taylor,1958,UK,23
1074,Oliver,Garcia,Oliver Garcia,1997,USA,23
1075,Barbara,Lopez,Barbara Lopez,1946,USA,7
1076,Elizabeth,Gonzalez,Elizabeth Gonzalez,1972,Australia,17
1077,Susan,Clark,Susan Clark,1949,Other,21
1078,David,Thompson,David Thompson,1938,USA,22
1079,Oliver,Johnson,Oliver Johnson,1950,Australia,23
1080,Mason,Lee,Mason Lee,1951,UK,10
1081,Ava,Hernandez,Ava Hernandez,1991,UK,20
1082,John,Hernandez,John Hernandez,1951,UK,18
1083,Patricia,Moore,Patricia Moore,1947,USA,21
1084,Noah,Gonzalez,Noah Gonzalez,1943,USA,4
1085,Elizabeth,Rodriguez,Elizabeth Rodriguez,1996,Ireland,8
1086,Liam,Thompson,Liam Thompson,2001,UK,14
1087,Oliver,Jones,Oliver Jones,1953,USA,2
1088,David,Williams,David Williams,1994,USA,17
1089,Emma,Thompson,Emma Thompson,1998,USA,17
1090,Robert,Lopez,Robert Lopez,1945,Canada,22
1091,Elizabeth,Lee,Elizabeth Lee,1957,Australia,24
1092,Sophia,Thompson,Sophia Thompson,1969,UK,6
1093,Richard,Jones,Richard Jones,1988,Ireland,11
1094,Oliver,White,Oliver White,1984,USA,9
1095,John,Martinez,John Martinez,1946,Australia,4
1096,Sarah,Gonzalez,Sarah Gonzalez,2001,Australia,13
1097,Ava,Lewis,Ava Lewis,2002,Ireland,16
1098,David,Robinson,David Robinson,1975,Other,5
1099,Robert,Thompson,Robert Thompson,1936,Canada,1
1100,Sophia,Robinson,Sophia Robinson,1979,UK,24
1101,Liam,Thompson,Liam Thompson,1974,USA,23
1102,Thomas,Williams,Thomas Williams,2004,Canada,13
1103,Ava,Thompson,Ava Thompson,1952,USA,11
1104,Susan,Taylor,Susan Taylor,1936,Canada,9
1105,Barbara,Smith,Barbara Smith,1940,UK,19
1106,Barbara,Martinez,Barbara Martinez,1931,Other,17
1107,Jennifer,Miller,Jennifer Miller,1967,USA,9
1108,David,Clark,David Clark,1966,USA,14
1109,Jessica,Miller,Jessica Miller,1990,Canada,18
1110,Linda,Jones,Linda Jones,1932,UK,2
1111,Robert,Williams,Robert Williams,1935,USA,6
1112,Elizabeth,Lewis,Elizabeth Lewis,1994,Canada,22
1113,Patricia,Taylor,Patricia Taylor,1964,USA,9
1114,Isabella,Moore,Isabella Moore,1927,Canada,18
1115,Mia,Harris,Mia Harris,1922,USA,12
1116,Thomas,Johnson,Thomas Johnson,1963,USA,8
1117,Noah,Hernandez,Noah Hernandez,1973,USA,4
1118,Isabella,Martin,Isabella Martin,1940,USA,3
1119,Robert,Martin,Robert Martin,1932,USA,22
1120,Richard,Jones,Richard Jones,1973,UK,12
1121,Jennifer,Garcia,Jennifer Garcia,1966,Australia,14
1122,Mia,White,Mia White,1932,USA,24
1123,Isabella,Martin,Isabella Martin,1921,USA,4
1124,Mason,Garcia,Mason Garcia,1933,UK,3
1125,Liam,Anderson,Liam Anderson,1936,Ireland,20
1126,Mary,Wilson,Mary Wilson,1943,Canada,4
1127,Barbara,Thompson,Barbara Thompson,1979,USA,1
1128,Liam,Davis,Liam Davis,2003,UK,16
1129,Joseph,Martin,Joseph Martin,1966,USA,12
1130,Elizabeth,Clark,Elizabeth Clark,1946,UK,10
1131,Liam,Lewis,Liam Lewis,1978,USA,9
1132,Joseph,Davis,Joseph Davis,1953,USA,7
1133,Sarah,Davis,Sarah Davis,1944,Canada,7
1134,Elizabeth,Lewis,Elizabeth Lewis,1976,USA,16
1135,Mason,Thomas,Mason Thomas,1999,USA,4
1136,Mia,Miller,Mia Miller,1996,Other,15
1137,Barbara,Thompson,Barbara Thompson,1970,USA,11
1138,Emma,Anderson,Emma Anderson,1927,Canada,24
1139,Joseph,Clark,Joseph Clark,1991,USA,4
1140,Elizabeth,Clark,Elizabeth Clark,1986,Canada,2
1141,Richard,Taylor,Richard Taylor,1947,UK,23
1142,Thomas,Wilson,Thomas Wilson,1963,USA,8
1143,Jennifer,Robinson,Jennifer Robinson,1928,USA,24
1144,Michael,Lewis,Michael Lewis,2003,UK,15
1145,Oliver,Jones,Oliver Jones,1951,USA,9
1146,William,Johnson,William Johnson,1936,USA,12
1147,Ava,Thomas,Ava Thomas,1990,USA,10
1148,Barbara,Moore,Barbara Moore,1964,USA,13
1149,Patricia,White,Patricia White,1972,UK,4
1150,Thomas,Brown,Thomas Brown,1947,UK,1
1151,Elizabeth,Williams,Elizabeth Williams,1968,Ireland,6
1152,Isabella,Garcia,Isabella Garcia,1973,UK,15
1153,William,Anderson,William Anderson,1950,Canada,18
1154,Thomas,Jones,Thomas Jones,1945,USA,5
1155,Mia,Wilson,Mia Wilson,2003,UK,11
1156,John,Davis,John Davis,1973,UK,6
1157,Mia,Anderson,Mia Anderson,1946,Canada,21
1158,Barbara,Smith,Barbara Smith,1965,USA,6
1159,Susan,Johnson,Susan Johnson,1981,Australia,18
1160,Richard,Taylor,Richard Taylor,1997,UK,13
1161,Barbara,Davis,Barbara Davis,1922,USA,8
1162,Richard,Williams,Richard Williams,1963,Australia,12
1163,Barbara,Davis,Barbara Davis,1952,USA,11
1164,James,Hernandez,James Hernandez,1996,UK,12
1165,Patricia,Robinson,Patricia Robinson,1989,USA,4
1166,Sophia,Lee,Sophia Lee,1967,UK,12
1167,David,Lewis,David Lewis,1930,UK,18
1168,Robert,Jones,Robert Jones,1938,USA,6
1169,Mary,Martinez,Mary Martinez,2001,Other,4
1170,Mia,Thomas,Mia Thomas,1948,Ireland,2
1171,Sophia,Robinson,Sophia Robinson,1936,Other,21
1172,Robert,Clark,Robert Clark,1999,Other,23
1173,Sophia,Thomas,Sophia Thomas,1927,USA,8
1174,Joseph,Martin,Joseph Martin,1984,UK,17
1175,James,Williams,James Williams,1978,Other,18
1176,James,Rodriguez,James Rodriguez,1963,USA,10
1177,Michael,Robinson,Michael Robinson,1955,USA,10
1178,Robert,Moore,Robert Moore,1962,USA,10
1179,Liam,Martin,Liam Martin,1985,UK,16
1180,Thomas,Wilson,Thomas Wilson,1941,UK,3
1181,Patricia,Clark,Patricia Clark,1932,USA,4
1182,Elizabeth,Davis,Elizabeth Davis,1928,USA,23
1183,Elizabeth,Brown,Elizabeth Brown,1946,Other,1
1184,Mary,Davis,Mary Davis,1951,UK,7
1185,Susan,Lee,Susan Lee,1986,USA,21
1186,Mason,Martin,Mason Martin,1954,USA,7
1187,Joseph,Williams,Joseph Williams,1997,UK,13
1188,Patricia,Robinson,Patricia Robinson,2003,UK,18
1189,Jessica,Martin,Jessica Martin,1987,Australia,1
1190,Sarah,Smith,Sarah Smith,1977,Australia,20
1191,Ava,Taylor,Ava Taylor,1929,Australia,9
1192,Emma,Davis,Emma Davis,1924,USA,17
1193,Sophia,Jones,Sophia Jones,1941,Australia,13
1194,Elizabeth,Wilson,Elizabeth Wilson,1960,Other,5
1195,James,Martin,James Martin,1930,UK,21
1196,Barbara,Davis,Barbara Davis,1995,Canada,19
1197,Emma,Wilson,Emma Wilson,1979,UK,23
1198,Jennifer,Thompson,Jennifer Thompson,1990,Australia,5
1199,Noah,Williams,Noah Williams,1940,Canada,23
1200,Thomas,Lopez,Thomas Lopez,2003,UK,20
1201,John,Taylor,John Taylor,1927,USA,19
1202,Sarah,Taylor,Sarah Taylor,1965,USA,4
1203,Mason,Taylor,Mason Taylor,1934,Australia,1
1204,Sarah,Smith,Sarah Smith,1986,USA,8
1205,Richard,Thomas,Richard Thomas,1982,USA,2
1206,Mary,Lee,Mary Lee,1943,USA,4
1207,Richard,Lopez,Richard Lopez,1986,UK,17
1208,William,Harris,William Harris,1972,USA,23
1209,James,Lopez,James Lopez,1988,USA,21
1210,Mason,Williams,Mason Williams,1981,UK,22
1211,Barbara,Davis,Barbara Davis,1989,USA,10
1212,Liam,Thompson,Liam Thompson,1959,USA,6
1213,Ava,Brown,Ava Brown,2004,USA,3
1214,Isabella,Jackson,Isabella Jackson,1970,USA,4
1215,Liam,Clark,Liam Clark,1995,USA,4
1216,David,Jones,David Jones,1960,Australia,23
1217,Mary,Lopez,Mary Lopez,1977,USA,5
1218,Sarah,Hernandez,Sarah Hernandez,1944,USA,19
1219,Mia,Lee,Mia Lee,1997,USA,16
1220,Jennifer,Robinson,Jennifer Robinson,1966,Australia,7
1221,Isabella,Thompson,Isabella Thompson,1935,Canada,21
1222,Joseph,White,Joseph White,1973,UK,17
1223,Jessica,Lee,Jessica Lee,1935,USA,10
1224,Jennifer,Lewis,Jennifer Lewis,1993,USA,2
1225,Robert,Williams,Robert Williams,1928,USA,10
1226,Sophia,Clark,Sophia Clark,1936,UK,20
1227,Joseph,Johnson,Joseph Johnson,1944,USA,5
1228,Elizabeth,Miller,Elizabeth Miller,1984,Canada,19
1229,Mary,Lewis,Mary Lewis,1955,Other,24
1230,Michael,Johnson,Michael Johnson,1985,Canada,7
1231,David,Martinez,David Martinez,1989,Ireland,23
1232,Thomas,Gonzalez,Thomas Gonzalez,1958,Australia,17
1233,Mia,Moore,Mia Moore,1953,Australia,9
1234,Jessica,Rodriguez,Jessica Rodriguez,1932,USA,20
1235,Mary,Clark,Mary Clark,1971,USA,17
1236,Ava,Miller,Ava Miller,1982,Canada,16
1237,Elizabeth,Lopez,Elizabeth Lopez,1966,UK,1
1238,Isabella,Johnson,Isabella Johnson,2000,USA,15
1239,Ava,Hernandez,Ava Hernandez,1951,USA,4
1240,William,Brown,William Brown,1937,USA,11
1241,Mason,Lopez,Mason Lopez,1954,USA,1
1242,Susan,Gonzalez,Susan Gonzalez,1933,Australia,23
1243,Liam,Anderson,Liam Anderson,1923,UK,19
1244,Richard,Hernandez,Richard Hernandez,1925,UK,17
1245,Jennifer,Thomas,Jennifer Thomas,1959,USA,1
1246,Sophia,Thomas,Sophia Thomas,1988,Canada,6
1247,Barbara,Lewis,Barbara Lewis,1932,Other,3
1248,Thomas,Rodriguez,Thomas Rodriguez,1938,USA,11
1249,Mason,Williams,Mason Williams,1993,Australia,4
1250,Liam,Wilson,Liam Wilson,1963,USA,24
1251,John,Wilson,John Wilson,1941,Canada,5
1252,Oliver,Robinson,Oliver Robinson,1991,USA,24
1253,Jennifer,Moore,Jennifer Moore,1986,Australia,23
1254,Elizabeth,Hernandez,Elizabeth Hernandez,2002,UK,20
1255,Patricia,Williams,Patricia Williams,1999,USA,1
1256,David,Thompson,David Thompson,1931,USA,11
1257,Elizabeth,Martinez,Elizabeth Martinez,1924,USA,17
1258,Joseph,Martin,Joseph Martin,1925,USA,14
1259,Sophia,Wilson,Sophia Wilson,1988,USA,1
1260,Jennifer,White,Jennifer White,1981,USA,9
1261,Joseph,Lopez,Joseph Lopez,1938,Canada,2
1262,Joseph,Johnson,Joseph Johnson,1966,USA,1
1263,Liam,Lopez,Liam Lopez,1932,Canada,7
1264,Oliver,Wilson,Oliver Wilson,1998,USA,23
1265,William,Lee,William Lee,1938,Canada,24
1266,Mason,Johnson,Mason Johnson,1939,USA,18
1267,John,Thompson,John Thompson,1982,UK,8
1268,Ava,Gonzalez,Ava Gonzalez,1981,UK,17
1269,Barbara,Taylor,Barbara Taylor,1985,Other,5
1270,Mason,Harris,Mason Harris,1947,UK,5
1271,Noah,Garcia,Noah Garcia,2001,Canada,9
1272,James,Jones,James Jones,1968,USA,12
1273,Oliver,Thompson,Oliver Thompson,1990,USA,10
1274,Mason,Anderson,Mason Anderson,1954,USA,24
1275,Mary,Jones,Mary Jones,1993,Canada,11
1276,John,Davis,John Davis,1974,USA,15
1277,Isabella,Lee,Isabella Lee,1939,USA,22
1278,Barbara,Lopez,Barbara Lopez,1939,UK,20
1279,Richard,Jackson,Richard Jackson,1985,USA,2
1280,Mary,Martin,Mary Martin,1941,Other,15
1281,Robert,Thompson,Robert Thompson,1946,Canada,1
1282,Joseph,Lopez,Joseph Lopez,1967,UK,4
1283,Barbara,Anderson,Barbara Anderson,1978,UK,4
1284,Isabella,Williams,Isabella Williams,1984,USA,10
1285,Emma,Jones,Emma Jones,1972,Ireland,22
1286,Thomas,Lopez,Thomas Lopez,1970,Australia,24
1287,Richard,Hernandez,Richard Hernandez,1941,UK,13
1288,Ava,Rodriguez,Ava Rodriguez,1947,UK,13
1289,Linda,Brown,Linda Brown,1987,Ireland,9
1290,James,Harris,James Harris,1955,Ireland,10
1291,Jennifer,Thomas,Jennifer Thomas,1955,Canada,14
1292,Thomas,Gonzalez,Thomas Gonzalez,1951,Canada,16
1293,Sarah,Brown,Sarah Brown,1957,USA,18
1294,William,Clark,William Clark,1946,UK,3
1295,William,White,William White,2004,Ireland,15
1296,Joseph,Miller,Joseph Miller,1934,Australia,9
1297,Oliver,Martinez,Oliver Martinez,1946,USA,24
1298,Sophia,Thomas,Sophia Thomas,1936,UK,9
1299,Michael,Brown,Michael Brown,1961,Canada,13
1300,Robert,Williams,Robert Williams,1959,Canada,21
1301,Joseph,Garcia,Joseph Garcia,1942,USA,20
1302,Sophia,Anderson,Sophia Anderson,1966,USA,1
1303,John,Lewis,John Lewis,1988,USA,2
1304,Noah,Hernandez,Noah Hernandez,1959,USA,18
1305,Noah,Lopez,Noah Lopez,1986,USA,1
1306,Sophia,Williams,Sophia Williams,1994,UK,16
1307,Sarah,Moore,Sarah Moore,1929,Australia,19
1308,Elizabeth,Martinez,Elizabeth Martinez,1955,Ireland,13
1309,Jennifer,White,Jennifer White,1965,USA,6
1310,Sophia,White,Sophia White,1984,USA,14
1311,Ava,Garcia,Ava Garcia,1927,USA,10
1312,Mason,Lopez,Mason Lopez,2000,Ireland,6
1313,Thomas,Davis,Thomas Davis,1958,USA,1
1314,Patricia,Miller,Patricia Miller,1973,Australia,18
1315,Mason,Jones,Mason Jones,1975,Canada,2
1316,Linda,Lewis,Linda Lewis,1980,Australia,6
1317,Jessica,Smith,Jessica Smith,1959,UK,11
1318,Barbara,Moore,Barbara Moore,1956,Canada,18
1319,Emma,Lopez,Emma Lopez,1982,USA,11
1320,Joseph,Lewis,Joseph Lewis,1977,USA,4
1321,Sarah,Jones,Sarah Jones,1926,USA,22
1322,Oliver,Williams,Oliver Williams,1987,USA,1
1323,John,Martinez,John Martinez,1974,Canada,6
1324,Richard,White,Richard White,1920,Ireland,21
1325,Liam,Thomas,Liam Thomas,1948,USA,10
1326,Thomas,Wilson,Thomas Wilson,1940,Canada,3
1327,Isabella,Wilson,Isabella Wilson,1966,Canada,3
1328,Mia,Jackson,Mia Jackson,1987,USA,4
1329,John,Jones,John Jones,1931,USA,24
1330,David,Lee,David Lee,1942,USA,20
1331,John,Anderson,John Anderson,1944,Australia,14
1332,Joseph,Thompson,Joseph Thompson,1951,Australia,5
1333,Thomas,Lopez,Thomas Lopez,1955,UK,17
1334,Robert,Robinson,Robert Robinson,1977,Ireland,1
1335,Isabella,Moore,Isabella Moore,2004,Ireland,6
1336,Ava,Jackson,Ava Jackson,1954,USA,9
1337,Jennifer,Clark,Jennifer Clark,1924,Canada,17
1338,Robert,Wilson,Robert Wilson,1995,Australia,3
1339,Thomas,Johnson,Thomas Johnson,1949,UK,22
1340,Mia,Brown,Mia Brown,1992,USA,5
1341,Thomas,Jones,Thomas Jones,1932,Canada,20
1342,Elizabeth,Garcia,Elizabeth Garcia,1942,UK,23
1343,Jennifer,Hernandez,Jennifer Hernandez,2004,Canada,6
1344,Sophia,Davis,Sophia Davis,1937,USA,22
1345,Barbara,Taylor,Barbara Taylor,1952,USA,11
1346,Elizabeth,Williams,Elizabeth Williams,1951,Australia,14
1347,William,Miller,William Miller,1929,UK,19
1348,Ava,Moore,Ava Moore,1955,USA,10
1349,William,Jones,William Jones,1947,USA,7
1350,Ava,Martinez,Ava Martinez,1966,USA,19
1351,Oliver,Moore,Oliver Moore,1934,Canada,24
1352,John,Taylor,John Taylor,1991,Other,9
1353,Ava,Garcia,Ava Garcia,1966,Canada,1
1354,Emma,Jackson,Emma Jackson,1938,Canada,8
1355,Robert,Garcia,Robert Garcia,1966,Canada,18
1356,Noah,Martin,Noah Martin,1932,Australia,2
1357,Liam,Martin,Liam Martin,1967,Ireland,16
1358,David,Robinson,David Robinson,1968,UK,7
1359,Emma,Johnson,Emma Johnson,1945,UK,13
1360,Mia,Smith,Mia Smith,1988,Canada,3
1361,John,Johnson,John Johnson,1926,Canada,7
1362,Ava,Clark,Ava Clark,1972,Canada,17
1363,Emma,Rodriguez,Emma Rodriguez,1962,USA,3
1364,Ava,Miller,Ava Miller,1998,Australia,11
1365,Isabella,Jackson,Isabella Jackson,1951,Canada,16
1366,Susan,Martin,Susan Martin,1944,Canada,9
1367,Ava,Smith,Ava Smith,1975,Australia,22
1368,Jessica,Lee,Jessica Lee,1999,USA,12
1369,Sarah,Martinez,Sarah Martinez,1970,USA,7
1370,Ava,Martinez,Ava Martinez,1997,UK,19
1371,Jessica,Davis,Jessica Davis,1985,UK,15
1372,Mason,Lewis,Mason Lewis,1922,USA,14
1373,Noah,Gonzalez,Noah Gonzalez,1949,UK,18
1374,Elizabeth,Anderson,Elizabeth Anderson,1970,USA,2
1375,John,White,John White,1927,Australia,12
1376,Mary,Garcia,Mary Garcia,1976,Canada,15
1377,Joseph,Wilson,Joseph Wilson,1976,Other,18
1378,Jessica,Anderson,Jessica Anderson,1985,UK,22
1379,Michael,Hernandez,Michael Hernandez,1998,USA,10
1380,Oliver,Jones,Oliver Jones,1986,USA,22
1381,David,White,David White,1997,USA,23
1382,David,Harris,David Harris,1981,USA,20
1383,Barbara,Gonzalez,Barbara Gonzalez,1994,Canada,11
1384,Robert,Clark,Robert Clark,1949,USA,17
1385,Barbara,Taylor,Barbara Taylor,1928,USA,2
1386,Sarah,Brown,Sarah Brown,1980,USA,16
1387,David,Davis,David Davis,1944,UK,9
1388,Joseph,Brown,Joseph Brown,1977,Canada,13
1389,William,Anderson,William Anderson,1981,Australia,20
1390,Linda,Jones,Linda Jones,2000,USA,19
1391,Patricia,Johnson,Patricia Johnson,1983,Canada,7
1392,Elizabeth,Gonzalez,Elizabeth Gonzalez,1928,USA,6
1393,Oliver,Wilson,Oliver Wilson,1948,USA,16
1394,Linda,Garcia,Linda Garcia,1922,UK,4
1395,Mia,Hernandez,Mia Hernandez,1981,USA,10
1396,Emma,Harris,Emma Harris,1980,Canada,22
1397,David,Miller,David Miller,1935,USA,8
1398,Isabella,Garcia,Isabella Garcia,1978,Australia,12
1399,Jessica,Taylor,Jessica Taylor,1929,UK,15
1400,Joseph,Thomas,Joseph Thomas,1999,USA,2
1401,Elizabeth,Thomas,Elizabeth Thomas,1969,USA,23
1402,James,Williams,James Williams,1937,Other,17
1403,Richard,Taylor,Richard Taylor,1981,Canada,15
1404,Joseph,Davis,Joseph Davis,1986,Ireland,1
1405,Michael,Jackson,Michael Jackson,1964,Australia,21
1406,Barbara,Johnson,Barbara Johnson,1932,Canada,7
1407,Mary,Martinez,Mary Martinez,1941,USA,21
1408,Jessica,Martin,Jessica Martin,1998,Australia,23
1409,Mia,Lee,Mia Lee,1989,Canada,5
1410,Noah,Thomas,Noah Thomas,2003,USA,8
1411,Elizabeth,Moore,Elizabeth Moore,1920,UK,22
1412,James,Brown,James Brown,1989,UK,3
1413,Susan,Jones,Susan Jones,1998,UK,24
1414,William,Harris,William Harris,1965,Canada,6
1415,Barbara,Clark,Barbara Clark,1975,USA,24
1416,Richard,Lopez,Richard Lopez,1948,UK,13
1417,Mary,Gonzalez,Mary Gonzalez,1937,Australia,11
1418,Mary,Jackson,Mary Jackson,1973,Canada,6
1419,Sarah,Miller,Sarah Miller,1967,Australia,12
1420,Barbara,Moore,Barbara Moore,1962,Ireland,10
1421,Elizabeth,Williams,Elizabeth Williams,1986,Other,3
1422,Richard,Taylor,Richard Taylor,1934,USA,13
1423,Joseph,Clark,Joseph Clark,1954,USA,21
1424,Sarah,Rodriguez,Sarah Rodriguez,1973,UK,16
1425,Mia,Martin,Mia Martin,1954,USA,14
1426,Noah,Martin,Noah Martin,1943,UK,4
1427,Patricia,Jones,Patricia Jones,1951,USA,11
1428,Patricia,Gonzalez,Patricia Gonzalez,1977,UK,16
1429,Barbara,Lewis,Barbara Lewis,1988,Australia,10
1430,David,Moore,David Moore,2002,UK,19
1431,Barbara,Clark,Barbara Clark,1962,Canada,11
1432,Robert,Miller,Robert Miller,1944,USA,19
1433,Oliver,Taylor,Oliver Taylor,1943,USA,2
1434,Richard,Taylor,Richard Taylor,1974,UK,5
1435,Mary,Johnson,Mary Johnson,1970,UK,18
1436,Mary,Jones,Mary Jones,1923,Australia,10
1437,Sophia,Hernandez,Sophia Hernandez,2003,Ireland,14
1438,Mason,Thomas,Mason Thomas,1994,Ireland,18
1439,Thomas,Anderson,Thomas Anderson,1946,Canada,18
1440,Robert,Martin,Robert Martin,1994,USA,5
1441,Thomas,Jones,Thomas Jones,1960,UK,9
1442,David,Martin,David Martin,1973,USA,19
1443,David,Garcia,David Garcia,1984,UK,4
1444,Richard,Martin,Richard Martin,1984,USA,12
1445,Liam,Robinson,Liam Robinson,1941,UK,15
1446,Elizabeth,Jackson,Elizabeth Jackson,2000,Australia,14
1447,David,Taylor,David Taylor,1969,USA,16
1448,Mia,Taylor,Mia Taylor,1952,UK,11
1449,Sarah,Thomas,Sarah Thomas,1998,Australia,22
1450,Sophia,Jackson,Sophia Jackson,1939,Other,3
1451,Elizabeth,Thomas,Elizabeth Thomas,1947,UK,13
1452,Mia,Smith,Mia Smith,1996,UK,17
1453,Barbara,Hernandez,Barbara Hernandez,1985,Ireland,11
1454,Noah,Brown,Noah Brown,1991,USA,11
1455,Susan,Jackson,Susan Jackson,1941,Canada,8
1456,Elizabeth,Lewis,Elizabeth Lewis,1949,Ireland,20
1457,Liam,White,Liam White,1974,Australia,11
1458,Ava,Smith,Ava Smith,1926,UK,15
1459,Oliver,Thomas,Oliver Thomas,1975,USA,21
1460,William,Lee,William Lee,1992,Other,20
1461,Mason,Clark,Mason Clark,1956,Australia,15
1462,Emma,Jackson,Emma Jackson,1976,UK,21
1463,Linda,Harris,Linda Harris,1939,USA,21
1464,Mary,Jackson,Mary Jackson,1931,Australia,10
1465,Jessica,Garcia,Jessica Garcia,1948,USA,11
1466,Thomas,Lee,Thomas Lee,1969,UK,2
1467,Liam,Martin,Liam Martin,1939,USA,24
1468,Isabella,Robinson,Isabella Robinson,1929,USA,15
1469,Richard,Jones,Richard Jones,2003,Other,8
1470,Mia,Thompson,Mia Thompson,1991,UK,24
1471,Linda,Johnson,Linda Johnson,1942,Canada,14
1472,Emma,White,Emma White,1983,USA,24
1473,Patricia,Miller,Patricia Miller,1979,Australia,17
1474,James,Anderson,James Anderson,1955,Canada,4
1475,David,Wilson,David Wilson,1945,Australia,18
1476,Robert,Wilson,Robert Wilson,1983,USA,24
1477,Sophia,Miller,Sophia Miller,1941,UK,23
1478,Susan,Taylor,Susan Taylor,1930,UK,5
1479,Isabella,Martin,Isabella Martin,1983,UK,8
1480,Jessica,Harris,Jessica Harris,1943,UK,16
1481,Liam,Johnson,Liam Johnson,1979,UK,17
1482,Sophia,Jones,Sophia Jones,1984,UK,10
1483,Thomas,Miller,Thomas Miller,1976,Canada,21
1484,Sarah,Hernandez,Sarah Hernandez,1975,USA,22
1485,Noah,Thomas,Noah Thomas,1932,USA,18
1486,Thomas,Gonzalez,Thomas Gonzalez,1995,Canada,15
1487,David,Garcia,David Garcia,1934,USA,23
1488,Joseph,Moore,Joseph Moore,1958,UK,9
1489,David,Moore,David Moore,1959,USA,21
1490,Barbara,Thompson,Barbara Thompson,2001,UK,9
1491,Isabella,Harris,Isabella Harris,1982,UK,6
1492,Noah,Lee,Noah Lee,2002,Canada,3
1493,Mason,White,Mason White,1967,UK,23
1494,William,Martin,William Martin,1958,UK,8
1495,Jessica,Miller,Jessica Miller,1932,Australia,17
1496,Linda,Rodriguez,Linda Rodriguez,1925,UK,14
1497,Sarah,Martinez,Sarah Martinez,1973,USA,7
1498,Linda,Martinez,Linda Martinez,1991,USA,6
1499,Isabella,Martinez,Isabella Martinez,1982,UK,21
1500,Sophia,Miller,Sophia Miller,1986,USA,13
1501,Sophia,White,Sophia White,1999,USA,6
1502,Jessica,Hernandez,Jessica Hernandez,1991,UK,6
1503,Jessica,Lopez,Jessica Lopez,1997,USA,10
1504,Sarah,Lewis,Sarah Lewis,1922,Australia,12
1505,Liam,Rodriguez,Liam Rodriguez,1968,Canada,5
1506,Elizabeth,Brown,Elizabeth Brown,1981,Other,9
1507,Emma,Thompson,Emma Thompson,1950,USA,20
1508,Sarah,Gonzalez,Sarah Gonzalez,1941,Canada,13
1509,Richard,Robinson,Richard Robinson,1961,Canada,20
1510,Barbara,Clark,Barbara Clark,1996,USA,4
1511,Mason,Jones,Mason Jones,1920,USA,17
1512,Elizabeth,Johnson,Elizabeth Johnson,1943,UK,18
1513,Elizabeth,White,Elizabeth White,1942,USA,8
1514,John,Lopez,John Lopez,1978,USA,13
1515,Joseph,Lee,Joseph Lee,1958,USA,16
1516,William,Harris,William Harris,1921,Canada,17
1517,Jessica,Miller,Jessica Miller,1949,Other,18
1518,Michael,Robinson,Michael Robinson,2001,USA,21
1519,Sarah,Rodriguez,Sarah Rodriguez,1940,USA,17
1520,Sarah,White,Sarah White,1959,USA,15
1521,William,Jones,William Jones,1992,UK,12
1522,Patricia,Martin,Patricia Martin,1972,USA,20
1523,Liam,Jackson,Liam Jackson,1949,UK,20
1524,Linda,Davis,Linda Davis,1928,Australia,1
1525,Mary,Thompson,Mary Thompson,1963,USA,2
1526,Thomas,Davis,Thomas Davis,1999,USA,15
1527,Ava,Davis,Ava Davis,1931,Canada,14
1528,Mary,Brown,Mary Brown,1976,USA,12
1529,Susan,Hernandez,Susan Hernandez,1984,UK,10
1530,Sophia,Thomas,Sophia Thomas,1981,USA,7
1531,Patricia,Thompson,Patricia Thompson,1962,Canada,1
1532,Isabella,Jones,Isabella Jones,1951,UK,21
1533,James,Moore,James Moore,2004,Australia,24
1534,Jennifer,Wilson,Jennifer Wilson,1925,USA,6
1535,Ava,Thomas,Ava Thomas,1956,Canada,19
1536,Jessica,Lee,Jessica Lee,1973,USA,17
1537,Michael,Clark,Michael Clark,1930,USA,21
1538,Elizabeth,Hernandez,Elizabeth Hernandez,1985,Canada,19
1539,Elizabeth,Lee,Elizabeth Lee,1947,UK,6
1540,Mary,Clark,Mary Clark,1938,USA,2
1541,John,Lee,John Lee,1957,Ireland,19
1542,Emma,Davis,Emma Davis,1987,USA,17
1543,Sarah,Harris,Sarah Harris,1962,USA,13
1544,Liam,Johnson,Liam Johnson,1971,Canada,17
1545,Jennifer,Wilson,Jennifer Wilson,1979,Other,3
1546,Mia,Garcia,Mia Garcia,1975,UK,1
1547,Mary,Robinson,Mary Robinson,1961,USA,8
1548,Richard,Lewis,Richard Lewis,1982,Other,24
1549,Jessica,Garcia,Jessica Garcia,1999,UK,6
1550,Liam,Martinez,Liam Martinez,1946,USA,16
1551,Mary,Smith,Mary Smith,1975,UK,24
1552,Elizabeth,Jackson,Elizabeth Jackson,1933,UK,2
1553,Oliver,Brown,Oliver Brown,1986,USA,22
1554,David,Martinez,David Martinez,1992,Canada,8
1555,Joseph,Lee,Joseph Lee,1929,USA,24
1556,Sarah,Taylor,Sarah Taylor,1924,USA,16
1557,Jessica,Jones,Jessica Jones,1934,UK,9
1558,Thomas,Anderson,Thomas Anderson,1972,USA,15
1559,William,Miller,William Miller,1953,Australia,18
1560,Mason,Brown,Mason Brown,2003,Canada,4
1561,David,Garcia,David Garcia,1967,Canada,1
1562,Liam,Anderson,Liam Anderson,1985,USA,21
1563,Ava,Rodriguez,Ava Rodriguez,2003,Australia,22
1564,Sophia,Garcia,Sophia Garcia,2004,Canada,1
1565,James,Harris,James Harris,1957,Canada,14
1566,David,Lewis,David Lewis,1971,Canada,21
1567,Elizabeth,Jackson,Elizabeth Jackson,1924,USA,11
1568,Noah,Clark,Noah Clark,1966,USA,18
1569,Michael,Garcia,Michael Garcia,1940,Australia,22
1570,Oliver,Lee,Oliver Lee,1942,Canada,8
1571,Richard,Robinson,Richard Robinson,1929,USA,17
1572,Susan,Taylor,Susan Taylor,1991,Australia,5
1573,David,Williams,David Williams,1972,UK,24
1574,Richard,Thompson,Richard Thompson,1978,Other,5
1575,Patricia,Garcia,Patricia Garcia,1992,Australia,2
1576,Robert,Thomas,Robert Thomas,1984,Canada,19
1577,David,Davis,David Davis,1949,Australia,12
1578,James,Rodriguez,James Rodriguez,1995,Australia,13
1579,Richard,Davis,Richard Davis,1991,USA,22
1580,Joseph,Clark,Joseph Clark,1992,USA,21
1581,William,Hernandez,William Hernandez,1975,USA,23
1582,Elizabeth,Jackson,Elizabeth Jackson,1950,USA,12
1583,Liam,Jackson,Liam Jackson,1920,UK,8
1584,James,Rodriguez,James Rodriguez,1920,USA,10
1585,Ava,Lopez,Ava Lopez,1973,Australia,15
1586,Sophia,Davis,Sophia Davis,2000,USA,3
1587,Mary,Thompson,Mary Thompson,1999,USA,15
1588,Patricia,Anderson,Patricia Anderson,1936,USA,13
1589,Elizabeth,Garcia,Elizabeth Garcia,1936,Australia,16
1590,Richard,Thompson,Richard Thompson,1997,Ireland,3
1591,Thomas,White,Thomas White,1933,USA,15
1592,Isabella,Martinez,Isabella Martinez,1973,Canada,13
1593,Sophia,Brown,Sophia Brown,1950,USA,3
1594,Ava,Martinez,Ava Martinez,1979,USA,22
1595,Barbara,Martin,Barbara Martin,1977,Canada,2
1596,Linda,Davis,Linda Davis,1945,Ireland,20
1597,Robert,Thomas,Robert Thomas,1925,USA,18
1598,Robert,Anderson,Robert Anderson,1937,USA,14
1599,Liam,Martin,Liam Martin,1997,USA,12
1600,Barbara,Wilson,Barbara Wilson,1934,UK,11
1601,Sophia,Moore,Sophia Moore,1954,USA,19
1602,Jessica,Clark,Jessica Clark,1939,UK,16
1603,Sarah,Lewis,Sarah Lewis,1963,Australia,17
1604,Noah,Robinson,Noah Robinson,1990,USA,1
1605,Michael,Clark,Michael Clark,1951,Canada,6
1606,Linda,Thompson,Linda Thompson,1977,UK,5
1607,Isabella,Martin,Isabella Martin,1998,USA,4
1608,Mason,Williams,Mason Williams,1959,USA,16
1609,Thomas,Anderson,Thomas Anderson,1981,USA,13
1610,Thomas,White,Thomas White,1985,UK,22
1611,Barbara,Williams,Barbara Williams,1927,UK,11
1612,Emma,Brown,Emma Brown,1950,Other,13
1613,Mary,Robinson,Mary Robinson,1985,Australia,24
1614,Sarah,Taylor,Sarah Taylor,1976,USA,10
1615,Michael,Jackson,Michael Jackson,1937,USA,21
1616,Sarah,Jones,Sarah Jones,1958,Canada,11
1617,Jennifer,Hernandez,Jennifer Hernandez,1964,Canada,6
1618,Thomas,Anderson,Thomas Anderson,1975,Australia,14
1619,Patricia,Thompson,Patricia Thompson,1923,Canada,6
1620,Michael,White,Michael White,1951,UK,15
1621,Emma,Thomas,Emma Thomas,1959,UK,9
1622,John,Taylor,John Taylor,1993,UK,16
1623,Joseph,Lewis,Joseph Lewis,1982,USA,11
1624,Mary,Anderson,Mary Anderson,1962,Other,4
1625,Robert,Taylor,Robert Taylor,1982,USA,9
1626,Susan,Anderson,Susan Anderson,2002,USA,22
1627,Emma,Johnson,Emma Johnson,1989,UK,1
1628,Sarah,Anderson,Sarah Anderson,2003,USA,23
1629,Noah,Lewis,Noah Lewis,1930,UK,10
1630,Elizabeth,Harris,Elizabeth Harris,1922,Other,12
1631,James,Gonzalez,James Gonzalez,1933,Canada,17
1632,William,Robinson,William Robinson,1992,USA,19
1633,James,Harris,James Harris,1966,UK,20
1634,Michael,Jackson,Michael Jackson,1949,Canada,2
1635,John,Johnson,John Johnson,1944,Canada,10
1636,Susan,Lopez,Susan Lopez,1977,USA,9
1637,Sophia,Williams,Sophia Williams,1944,Canada,20
1638,Sarah,Johnson,Sarah Johnson,1967,USA,3
1639,John,Thomas,John Thomas,1994,USA,21
1640,Mary,Martinez,Mary Martinez,1964,USA,17
1641,Susan,Garcia,Susan Garcia,1983,USA,2
1642,Isabella,Jones,Isabella Jones,1995,USA,18
1643,Isabella,Lee,Isabella Lee,1973,USA,16
1644,Liam,Lee,Liam Lee,1937,Australia,16
1645,Susan,Lopez,Susan Lopez,1925,Canada,11
1646,Richard,Anderson,Richard Anderson,1966,USA,10
1647,Richard,Gonzalez,Richard Gonzalez,1995,USA,4
1648,John,Thompson,John Thompson,1921,USA,15
1649,Noah,Moore,Noah Moore,1991,Ireland,15
1650,Robert,Lee,Robert Lee,1965,USA,12
1651,Barbara,Brown,Barbara Brown,1932,Australia,17
1652,Jennifer,Moore,Jennifer Moore,1982,USA,24
1653,Richard,Taylor,Richard Taylor,1955,Australia,5
1654,Robert,Harris,Robert Harris,1999,USA,22
1655,Linda,Robinson,Linda Robinson,1966,Australia,23
1656,James,Clark,James Clark,1935,USA,7
1657,James,Martinez,James Martinez,1971,UK,5
1658,Joseph,Thompson,Joseph Thompson,1948,USA,4
1659,Liam,Moore,Liam Moore,1966,UK,19
1660,Susan,Moore,Susan Moore,1996,UK,5
1661,Richard,Robinson,Richard Robinson,1946,Ireland,20
1662,Linda,Davis,Linda Davis,1944,USA,4
1663,Joseph,Lopez,Joseph Lopez,1921,UK,16
1664,Robert,Rodriguez,Robert Rodriguez,1937,USA,4
1665,Michael,Harris,Michael Harris,1949,USA,23
1666,Isabella,Brown,Isabella Brown,1953,USA,22
1667,Mary,Lewis,Mary Lewis,1941,USA,15
1668,Noah,Wilson,Noah Wilson,1955,USA,19
1669,Oliver,Clark,Oliver Clark,1938,UK,20
1670,James,Davis,James Davis,1998,Australia,9
1671,Michael,Williams,Michael Williams,1951,Australia,18
1672,Patricia,Martin,Patricia Martin,1924,USA,11
1673,Mary,Anderson,Mary Anderson,1956,USA,4
1674,Oliver,Thompson,Oliver Thompson,1963,USA,10
1675,Sophia,Johnson,Sophia Johnson,1928,USA,7
1676,Linda,Harris,Linda Harris,1987,Other,3
1677,Mary,Gonzalez,Mary Gonzalez,1976,UK,19
1678,Joseph,Davis,Joseph Davis,1972,Canada,20
1679,Sarah,Miller,Sarah Miller,1929,UK,24
1680,Isabella,Clark,Isabella Clark,1936,UK,16
1681,Mary,Jones,Mary Jones,1965,USA,11
1682,Thomas,Martinez,Thomas Martinez,1920,USA,21
1683,Linda,Robinson,Linda Robinson,1923,UK,15
1684,Liam,Jackson,Liam Jackson,1969,USA,17
1685,David,Jackson,David Jackson,1994,Other,1
1686,Oliver,Clark,Oliver Clark,1966,USA,10
1687,Noah,Robinson,Noah Robinson,1990,USA,24
1688,David,Davis,David Davis,1923,USA,11
1689,Elizabeth,Jones,Elizabeth Jones,1959,USA,11
1690,Noah,Taylor,Noah Taylor,1986,USA,10
1691,Linda,Wilson,Linda Wilson,1946,UK,2
1692,Elizabeth,Rodriguez,Elizabeth Rodriguez,1968,Canada,22
1693,Mary,Moore,Mary Moore,1949,USA,10
1694,Emma,Harris,Emma Harris,1979,Ireland,1
1695,Jennifer,Lee,Jennifer Lee,1996,Canada,22
1696,Noah,Wilson,Noah Wilson,1961,USA,22
1697,Sarah,Thomas,Sarah Thomas,1999,USA,20
1698,Mary,Lopez,Mary Lopez,1946,Canada,2
1699,Ava,Thompson,Ava Thompson,1951,UK,2
1700,Richard,Lewis,Richard Lewis,1931,USA,12
1701,Thomas,Hernandez,Thomas Hernandez,1992,UK,2
1702,Sophia,Wilson,Sophia Wilson,1967,USA,2
1703,Susan,Jones,Susan Jones,1984,Canada,4
1704,Elizabeth,Gonzalez,Elizabeth Gonzalez,1943,UK,2
1705,Jennifer,Clark,Jennifer Clark,1950,Australia,2
1706,Sarah,Thomas,Sarah Thomas,1948,Australia,5
1707,Linda,Davis,Linda Davis,1947,USA,7
1708,Elizabeth,White,Elizabeth White,1943,USA,14
1709,Robert,Lewis,Robert Lewis,1997,Australia,24
1710,Joseph,Johnson,Joseph Johnson,1933,Australia,12
1711,Sarah,Wilson,Sarah Wilson,1941,USA,4
1712,Susan,Moore,Susan Moore,1964,USA,14
1713,Thomas,Jones,Thomas Jones,1999,Other,24
1714,Richard,Davis,Richard Davis,1952,Australia,20
1715,William,Miller,William Miller,1937,UK,23
1716,David,Lee,David Lee,1935,USA,4
1717,John,Anderson,John Anderson,1940,UK,14
1718,Barbara,Williams,Barbara Williams,1997,Canada,16
1719,Sarah,Harris,Sarah Harris,2000,Canada,14
1720,Mia,Miller,Mia Miller,1980,USA,15
1721,Mary,Rodriguez,Mary Rodriguez,1963,Ireland,22
1722,Richard,Thompson,Richard Thompson,1963,UK,13
1723,Oliver,Martin,Oliver Martin,1946,UK,8
1724,Mary,Williams,Mary Williams,1997,USA,1
1725,Michael,Lewis,Michael Lewis,1950,USA,19
1726,Isabella,Jackson,Isabella Jackson,1973,USA,8
1727,Liam,Thompson,Liam Thompson,1932,Other,3
1728,Sarah,Miller,Sarah Miller,1924,UK,6
1729,Jessica,Miller,Jessica Miller,1944,USA,2
1730,David,Martinez,David Martinez,1964,Other,8
1731,James,Miller,James Miller,1920,USA,23
1732,Michael,Harris,Michael Harris,1994,Australia,22
1733,Patricia,Harris,Patricia Harris,1994,UK,16
1734,Isabella,Thomas,Isabella Thomas,1939,UK,1
1735,Linda,White,Linda White,1977,UK,1
1736,Oliver,White,Oliver White,2000,UK,20
1737,Michael,Gonzalez,Michael Gonzalez,1989,UK,16
1738,Linda,Moore,Linda Moore,1970,USA,3
1739,David,Clark,David Clark,1988,UK,12
1740,Elizabeth,Gonzalez,Elizabeth Gonzalez,2003,Canada,9
1741,Joseph,Moore,Joseph Moore,1958,Australia,22
1742,Ava,Lopez,Ava Lopez,1938,Canada,13
1743,Elizabeth,Rodriguez,Elizabeth Rodriguez,1962,USA,22
1744,Barbara,Taylor,Barbara Taylor,1971,UK,13
1745,Jessica,Anderson,Jessica Anderson,1962,USA,20
1746,Patricia,Lewis,Patricia Lewis,1991,Other,16
1747,Liam,Thomas,Liam Thomas,1945,USA,13
1748,Isabella,Robinson,Isabella Robinson,1947,Canada,24
1749,David,Miller,David Miller,2002,Australia,19
1750,Barbara,Hernandez,Barbara Hernandez,1931,UK,23
1751,Susan,Johnson,Susan Johnson,1997,USA,10
1752,Emma,Davis,Emma Davis,1946,Ireland,2
1753,Liam,Jones,Liam Jones,1962,USA,6
1754,James,Rodriguez,James Rodriguez,1965,UK,17
1755,Sarah,Jackson,Sarah Jackson,1961,USA,3
1756,Emma,Harris,Emma Harris,1991,UK,22
1757,Susan,Martinez,Susan Martinez,1966,USA,11
1758,Robert,Miller,Robert Miller,1980,Other,12
1759,David,Davis,David Davis,1945,Canada,12
1760,Richard,Jackson,Richard Jackson,1962,Ireland,5
1761,Mia,Davis,Mia Davis,1965,Canada,16
1762,Jessica,Moore,Jessica Moore,1932,Canada,22
1763,Ava,Thompson,Ava Thompson,1973,USA,22
1764,David,Rodriguez,David Rodriguez,1923,USA,17
1765,Isabella,Robinson,Isabella Robinson,1926,UK,11
1766,Jessica,Harris,Jessica Harris,1973,UK,13
1767,Ava,Harris,Ava Harris,1942,USA,11
1768,Jessica,Anderson,Jessica Anderson,1976,USA,22
1769,Jennifer,Harris,Jennifer Harris,1948,USA,4
1770,Mason,Lopez,Mason Lopez,1933,USA,17
1771,Jennifer,Jones,Jennifer Jones,1986,UK,20
1772,Liam,Moore,Liam Moore,1964,USA,24
1773,Jessica,Garcia,Jessica Garcia,1970,USA,15
1774,Sarah,Lee,Sarah Lee,1972,UK,20
1775,Mary,Taylor,Mary Taylor,1957,UK,10
1776,Mary,Robinson,Mary Robinson,1926,UK,18
1777,John,Robinson,John Robinson,1960,USA,7
1778,Noah,Johnson,Noah Johnson,1969,UK,20
1779,Isabella,Smith,Isabella Smith,1952,USA,21
1780,Susan,Jones,Susan Jones,1979,USA,17
1781,Mia,Lee,Mia Lee,1923,USA,4
1782,Linda,Williams,Linda Williams,1920,USA,18
1783,Sophia,Jones,Sophia Jones,1992,USA,8
1784,James,Miller,James Miller,1943,Australia,18
1785,Thomas,Anderson,Thomas Anderson,1962,UK,14
1786,Barbara,Johnson,Barbara Johnson,1937,USA,16
1787,Oliver,Lee,Oliver Lee,1966,Australia,4
1788,Noah,Martin,Noah Martin,1956,USA,16
1789,Jessica,Thompson,Jessica Thompson,1965,Canada,7
1790,Jessica,Smith,Jessica Smith,1923,USA,22
1791,James,Moore,James Moore,1994,Canada,12
1792,Sarah,Wilson,Sarah Wilson,1955,Canada,21
1793,James,Smith,James Smith,1990,Canada,23
1794,Thomas,Harris,Thomas Harris,1925,Canada,8
1795,William,Moore,William Moore,1943,UK,5
1796,Elizabeth,Smith,Elizabeth Smith,1937,UK,5
1797,Thomas,Robinson,Thomas Robinson,1949,Canada,1
1798,Sophia,Thompson,Sophia Thompson,1993,Australia,22
1799,Susan,Lewis,Susan Lewis,1946,USA,22
1800,Jennifer,Brown,Jennifer Brown,1940,USA,1
1801,Patricia,Taylor,Patricia Taylor,1981,USA,2
1802,Robert,Davis,Robert Davis,1971,USA,12
1803,Michael,Martin,Michael Martin,1973,USA,7
1804,Thomas,Rodriguez,Thomas Rodriguez,1962,UK,6
1805,Mia,Lopez,Mia Lopez,1956,Ireland,12
1806,William,Lewis,William Lewis,1978,USA,11
1807,Richard,Williams,Richard Williams,1987,USA,4
1808,Barbara,Gonzalez,Barbara Gonzalez,1941,USA,6
1809,Joseph,Jackson,Joseph Jackson,1961,Canada,21
1810,Linda,White,Linda White,1974,USA,14
1811,Linda,Martinez,Linda Martinez,1958,UK,19
1812,Noah,Robinson,Noah Robinson,1968,UK,13
1813,John,Lee,John Lee,1941,USA,23
1814,Ava,Clark,Ava Clark,1988,Canada,10
1815,Mary,Williams,Mary Williams,1958,USA,7
1816,Richard,Gonzalez,Richard Gonzalez,1948,USA,3
1817,Richard,Moore,Richard Moore,2002,Canada,15
1818,Jessica,Johnson,Jessica Johnson,1954,USA,15
1819,Ava,Smith,Ava Smith,1957,UK,19
1820,Sophia,Garcia,Sophia Garcia,1986,USA,23
1821,John,Thomas,John Thomas,2003,UK,19
1822,Susan,Lee,Susan Lee,2004,USA,8
1823,Mason,Hernandez,Mason Hernandez,1935,UK,16
1824,Emma,Brown,Emma Brown,1928,UK,13
1825,Thomas,Johnson,Thomas Johnson,1990,USA,6
1826,Linda,Miller,Linda Miller,1960,Ireland,17
1827,Sophia,Jackson,Sophia Jackson,1963,USA,11
1828,Jessica,Rodriguez,Jessica Rodriguez,1999,Australia,24
1829,Mary,Williams,Mary Williams,1969,USA,17
1830,Noah,Rodriguez,Noah Rodriguez,1979,USA,16
1831,Sarah,Jackson,Sarah Jackson,1997,USA,23
1832,Noah,Johnson,Noah Johnson,1962,Canada,5
1833,Jennifer,Hernandez,Jennifer Hernandez,1962,USA,13
1834,James,Miller,James Miller,1962,UK,18
1835,Emma,Jones,Emma Jones,1978,USA,19
1836,Isabella,Robinson,Isabella Robinson,1975,UK,15
1837,Sophia,Robinson,Sophia Robinson,1928,UK,20
1838,Richard,Williams,Richard Williams,1987,USA,2
1839,Elizabeth,Garcia,Elizabeth Garcia,1986,Other,6
1840,Emma,Davis,Emma Davis,1999,Other,7
1841,Emma,Robinson,Emma Robinson,1964,USA,20
1842,Richard,Thompson,Richard Thompson,2001,Canada,2
1843,Sarah,Hernandez,Sarah Hernandez,1993,UK,18
1844,Richard,Clark,Richard Clark,1966,Ireland,15
1845,Liam,Jones,Liam Jones,1996,USA,23
1846,Mason,White,Mason White,1994,Australia,7
1847,Liam,Williams,Liam Williams,1972,Canada,14
1848,Thomas,Harris,Thomas Harris,1964,USA,9
1849,Barbara,Johnson,Barbara Johnson,1984,UK,23
1850,Patricia,Wilson,Patricia Wilson,1942,USA,19
1851,Linda,Robinson,Linda Robinson,2001,Australia,1
1852,John,Hernandez,John Hernandez,1938,UK,20
1853,Oliver,Clark,Oliver Clark,1968,Other,3
1854,Oliver,Martin,Oliver Martin,1959,UK,13
1855,Richard,Clark,Richard Clark,1973,USA,16
1856,David,Smith,David Smith,1954,USA,14
1857,Ava,Rodriguez,Ava Rodriguez,1991,USA,23
1858,Mason,Anderson,Mason Anderson,2004,UK,21
1859,Jessica,Davis,Jessica Davis,1944,UK,6
1860,Barbara,Moore,Barbara Moore,1942,USA,23
1861,Richard,Wilson,Richard Wilson,1962,Canada,13
1862,Jennifer,Thompson,Jennifer Thompson,1937,UK,1
1863,Emma,Thompson,Emma Thompson,1940,UK,23
1864,Richard,Williams,Richard Williams,1964,USA,24
1865,Isabella,Martin,Isabella Martin,1966,USA,10
1866,Elizabeth,Lewis,Elizabeth Lewis,1926,Canada,20
1867,Linda,White,Linda White,1925,USA,21
1868,John,Williams,John Williams,1976,Canada,8
1869,William,Jones,William Jones,1964,UK,23
1870,Richard,White,Richard White,1939,USA,21
1871,Mason,Lee,Mason Lee,1936,Canada,2
1872,Robert,Harris,Robert Harris,1944,USA,9
1873,Richard,Hernandez,Richard Hernandez,1925,Ireland,6
1874,Barbara,Brown,Barbara Brown,1925,USA,14
1875,John,Smith,John Smith,1985,Ireland,23
1876,Elizabeth,Anderson,Elizabeth Anderson,1943,USA,17
1877,Barbara,Clark,Barbara Clark,1954,Australia,4
1878,William,Brown,William Brown,1944,USA,11
1879,Robert,Williams,Robert Williams,1935,UK,19
1880,Jennifer,Wilson,Jennifer Wilson,1942,UK,16
1881,Joseph,Moore,Joseph Moore,1973,Ireland,1
1882,Sarah,Taylor,Sarah Taylor,1961,USA,2
1883,Susan,Brown,Susan Brown,1999,USA,23
1884,James,Williams,James Williams,1937,USA,13
1885,Barbara,Moore,Barbara Moore,1925,UK,6
1886,John,Martin,John Martin,1967,USA,10
1887,Oliver,Lewis,Oliver Lewis,1929,UK,20
1888,David,Gonzalez,David Gonzalez,1937,USA,20
1889,James,Martinez,James Martinez,1992,UK,4
1890,Susan,Gonzalez,Susan Gonzalez,1982,Australia,13
1891,Isabella,Williams,Isabella Williams,1928,USA,17
1892,Liam,Moore,Liam Moore,1935,USA,20
1893,Linda,Jackson,Linda Jackson,1988,UK,20
1894,Thomas,Garcia,Thomas Garcia,1998,Canada,2
1895,Noah,Gonzalez,Noah Gonzalez,1932,USA,13
1896,Jennifer,Jones,Jennifer Jones,1993,USA,9
1897,William,Martinez,William Martinez,1927,UK,14
1898,William,Thomas,William Thomas,1928,USA,11
1899,Robert,Williams,Robert Williams,1961,Australia,24
1900,Jennifer,Wilson,Jennifer Wilson,1932,Canada,10
1901,William,Wilson,William Wilson,1992,Canada,2
1902,Elizabeth,Thomas,Elizabeth Thomas,1975,Ireland,7
1903,Mason,Williams,Mason Williams,1959,Australia,21
1904,Barbara,Rodriguez,Barbara Rodriguez,1942,USA,19
1905,Linda,Harris,Linda Harris,1988,Canada,18
1906,Ava,Thomas,Ava Thomas,1939,USA,17
1907,Oliver,Martin,Oliver Martin,1921,Other,7
1908,Michael,Anderson,Michael Anderson,1989,USA,3
1909,Patricia,Jones,Patricia Jones,2001,USA,20
1910,Elizabeth,Smith,Elizabeth Smith,1983,UK,22
1911,Richard,Hernandez,Richard Hernandez,1978,USA,15
1912,Mia,Martin,Mia Martin,1981,Canada,24
1913,Richard,Lewis,Richard Lewis,1987,Canada,12
1914,David,Anderson,David Anderson,1974,Canada,14
1915,David,Wilson,David Wilson,1968,Canada,4
1916,Mia,Robinson,Mia Robinson,1926,USA,17
1917,Ava,Martin,Ava Martin,1935,UK,8
1918,Robert,Martinez,Robert Martinez,1970,USA,16
1919,David,Martin,David Martin,2002,Australia,13
1920,Sophia,Miller,Sophia Miller,1996,Australia,10
1921,Jessica,Hernandez,Jessica Hernandez,1953,USA,6
1922,Jennifer,Gonzalez,Jennifer Gonzalez,1943,USA,6
1923,David,Martinez,David Martinez,1948,USA,23
1924,Liam,White,Liam White,2000,Canada,11
1925,Ava,Thomas,Ava Thomas,1945,USA,2
1926,Emma,Lewis,Emma Lewis,1947,Australia,6
1927,Linda,Hernandez,Linda Hernandez,1980,USA,16
1928,Richard,Rodriguez,Richard Rodriguez,1940,Canada,7
1929,Mia,Lewis,Mia Lewis,1978,Australia,20
1930,Richard,Lopez,Richard Lopez,1978,Australia,13
1931,Patricia,Jackson,Patricia Jackson,1920,UK,8
1932,Michael,Jackson,Michael Jackson,1975,UK,3
1933,Sarah,Garcia,Sarah Garcia,1922,USA,8
1934,Noah,Clark,Noah Clark,1926,Canada,16
1935,Sarah,Smith,Sarah Smith,1990,USA,9
1936,Liam,Anderson,Liam Anderson,1994,Canada,1
1937,Sophia,Miller,Sophia Miller,1969,UK,5
1938,Joseph,Lewis,Joseph Lewis,1978,UK,3
1939,Elizabeth,Robinson,Elizabeth Robinson,1967,Australia,3
1940,Sophia,Williams,Sophia Williams,1966,USA,20
1941,Mia,Lewis,Mia Lewis,1933,Canada,17
1942,Mason,Wilson,Mason Wilson,1943,USA,18
1943,Noah,Thomas,Noah Thomas,1969,USA,18
1944,Robert,Lee,Robert Lee,1998,USA,15
1945,Elizabeth,Davis,Elizabeth Davis,1969,UK,8
1946,William,Thompson,William Thompson,1998,USA,15
1947,Robert,White,Robert White,1996,USA,24
1948,Susan,Lewis,Susan Lewis,1980,USA,20
1949,Richard,Williams,Richard Williams,1932,Other,15
1950,Joseph,Martin,Joseph Martin,1997,USA,2
1951,Jessica,Jackson,Jessica Jackson,2001,UK,23
1952,Richard,Moore,Richard Moore,1950,USA,6
1953,Thomas,White,Thomas White,1933,Other,22
1954,Susan,Moore,Susan Moore,1921,USA,14
1955,Mary,Lewis,Mary Lewis,1975,UK,20
1956,Barbara,White,Barbara White,2004,UK,22
1957,Mason,Moore,Mason Moore,1954,Australia,18
1958,Oliver,Lee,Oliver Lee,1962,UK,23
1959,John,Brown,John Brown,1921,Ireland,7
1960,Isabella,Davis,Isabella Davis,1925,USA,5
1961,Noah,Thompson,Noah Thompson,1988,Ireland,16
1962,Barbara,Garcia,Barbara Garcia,1970,USA,8
1963,Ava,Martin,Ava Martin,1992,UK,2
1964,Mary,Jackson,Mary Jackson,1928,UK,22
1965,Ava,Thompson,Ava Thompson,1983,USA,2
1966,Ava,Gonzalez,Ava Gonzalez,1974,Canada,14
1967,Isabella,Hernandez,Isabella Hernandez,1937,Canada,1
1968,Mason,Wilson,Mason Wilson,1920,USA,4
1969,Patricia,Smith,Patricia Smith,2001,USA,1
1970,Patricia,Rodriguez,Patricia Rodriguez,1947,USA,23
1971,Linda,Taylor,Linda Taylor,1979,Other,16
1972,Liam,Taylor,Liam Taylor,1953,USA,10
1973,Sarah,Jackson,Sarah Jackson,1975,UK,24
1974,Sophia,Jackson,Sophia Jackson,1937,UK,17
1975,Linda,Anderson,Linda Anderson,1962,Canada,10
1976,Barbara,Gonzalez,Barbara Gonzalez,2000,Australia,23
1977,Joseph,Clark,Joseph Clark,1973,USA,2
1978,Noah,Jackson,Noah Jackson,1977,USA,7
1979,Sophia,Taylor,Sophia Taylor,1937,Other,8
1980,Robert,Lopez,Robert Lopez,1989,USA,1
1981,James,Thomas,James Thomas,1987,Other,20
1982,Patricia,Martinez,Patricia Martinez,1948,Canada,14
1983,Susan,Williams,Susan Williams,1928,USA,12
1984,Patricia,Robinson,Patricia Robinson,1961,USA,19
1985,Liam,Jones,Liam Jones,1989,USA,24
1986,Barbara,Martinez,Barbara Martinez,1946,USA,1
1987,David,Anderson,David Anderson,1973,USA,24
1988,Mason,Miller,Mason Miller,1966,USA,22
1989,Thomas,Thomas,Thomas Thomas,1982,USA,3
1990,Barbara,Thomas,Barbara Thomas,1981,USA,22
1991,Patricia,Anderson,Patricia Anderson,1994,Ireland,19
1992,Liam,White,Liam White,1960,UK,1
1993,Joseph,Hernandez,Joseph Hernandez,1950,USA,18
1994,John,Martinez,John Martinez,1936,USA,23
1995,Mary,Lewis,Mary Lewis,1998,Canada,22
1996,Sophia,Brown,Sophia Brown,1986,UK,19
1997,James,Hernandez,James Hernandez,1976,USA,3
1998,Ava,Brown,Ava Brown,1920,Australia,6
1999,Noah,Lewis,Noah Lewis,1956,USA,1
2000,Jennifer,Harris,Jennifer Harris,1940,Australia,12
